Class,M1,M2,M3,M4,M5,M6,M7,M8,M9,M10,M11,M12,M13,M14,M15,M16,M17,M18,M19,M20,M21,M22,M23,M24,M25,M26,M27,M28,M29,M30,M31,M32,M33,M34,M35,M36,M37,M38,M39,M40,M41,M42,M43,M44,M45,M46,M47,M48,M49,M50,M51,M52,M53,M54,M55,M56,M57,M58,M59,M60,M61,M62,M63,M64,M65,M66,M67,M68,M69,M70,M71,M72,M73,M74,M75,M76,M77,M78,M79,M80,M81,M82,M83,M84,M85,M86,M87,M88,M89,M90,M91,M92,M93,M94,M95,M96,M97,M98,M99,M100,M101,M102,M103,M104,M105,M106,M107,M108,M109,M110,M111,M112,M113,M114,M115,M116,M117,M118,M119,M120,M121,M122,M123,M124,M125,M126,M127,M128,M129,M130,M131,M132,M133,M134,M135,M136,M137,M138,M139,M140,M141,M142,M143,M144,M145,M146,M147,M148,M149,M150,M151,M152,M153,M154,M155,M156,M157,M158,M159,M160,M161,M162,M163,M164,M165,M166,M167,M168,M169,M170,M171,M172,M173,M174,M175,M176,M177,M178,M179,M180,M181
1.0,244,183,73,112382,120,14819,45248,22977,34312,104,71,48,30268,2276,467,4963,422,70,347,36,80432,1003,5752,27249,286,111,96,809,795,,1699,1003,52090,1022,211,308,15457,10114,148,730,3720,15567,216,84186,3643,27163,5576,73,162,19588,9652,209,811,280,1380,1765,300,3363,100,9661,227,56,23759,294,597,123,30593,102,1410,197,64,41,55421,5765,50,,210,191,502,238,36172,225,44,5574,27,28,748,533,1468,2279,12634,1222,456,54,375,127,78251,348,97,12831,2491,173,63504,5344,393,172475,188,170,57,48,619,167,957,725,888,320,660,360,150,11,6860,181,2334,162,5341,406,630,18389,42233,165,141,1532,13125,104,495,220,3216,139,88,2783,4661,1034,1058,181,272,921,136,72,105887,350,1262,146,272,1113,304,107,185,2970,123,56,33805,108,88,190,119,3743,2555,100,128,22078,11038,127,940,1515,74,11961,65,55,52,920,35
1.0,266,199,52,107275,131,7289,9160,26246,31248,54,63,103,22077,1445,378,3681,188,85,285,33,84785,640,4453,30367,9323,73,35,666,498,,1452,938,60302,634,69,229,13688,9564,16716,575,1041,9604,173,91299,8056,27135,979,60,162,87,11682,84,869,461,888,1469,314,2620,151,2929,49,166,53073,297,942,82,35886,52,828,198,80,224,44732,5361,28,,193,159,424,95,28707,301,3180,2661,62,63,263,102,1102,3325,13228,12550,295,52,395,269,136251,365,59,32421,3083,224,56317,6575,666,105417,44,100,38,59,258,274,579,770,500,233,498,376,135,73,3950,223,1529,74,2087,55,384,10514,39193,133,904,1277,23690,94,255,195,3374,67,308,3494,5569,622,1308,142,172,1044,283,50,185433,308,1111,162,401,1026,396,58,633,122,197,33,5972,87,74,49,102,3864,956,276,501,12633,852,243,971,1121,98,8732,21,49,79,870,41
1.0,63,478,116,36959,25,37318,265262,13777,9981,53,1258,1285,9375,574,400,3099,736,339,105,106,72817,292,1058,16722,32743,96,210,203,441,1144.0,815,2298,68779,1429,109,508,9633,2082,6930,299,611,12612,6780,69967,2918,13569,1150,269,85,39,4036,152,128,439,652,1213,813,2441,452,2324,73,256,1623,198,1759,158,14696,309,355,1579,552,164,27075,1598,141,97157.0,274,144,787,90,10796,126,240,5386,78,72,579,694,1289,1182,8250,7125,235,48,651,484,94906,328,157,8212,1122,155,49808,8323,2190,88073,203,2116,63,53,206,248,1268,908,4800,513,833,216,1392,188,2897,142,561,74,5781,116,454,3489,57366,120,470,548,273,120,148,6059,2377,523,377,5257,3199,685,803,137,436,477,196,70,192356,282,129,96,800,595,197,146,459,4450,107,376,491,200,59,117,73,749,593,2320,249,2191,809,275,1122,398,105,11363,35,169,477,644,72
1.0,72,175,105,85477,75,36299,222206,31849,35874,25,1806,2336,20072,860,139,3273,463,55,240,113,82854,250,654,15270,275,42,59,151,290,602.0,1582,1226,72824,1647,229,655,13956,2398,48,330,2141,17362,657,53309,9946,27193,3304,80,144,88,10497,81,166,363,1277,1555,535,2075,408,1758,78,107,1154,109,1164,97,32160,956,909,191,103,26,50587,2221,54,62941.0,279,171,384,100,30120,183,283,3136,98,43,535,1739,639,580,8035,3817,304,56,212,583,56460,236,67,10582,883,96,57785,3910,353,103688,159,616,38,39,169,259,923,1155,466,230,480,179,1596,33,5870,281,2229,49,6946,208,610,7460,61136,45,300,1191,329,68,152,657,2305,551,128,1729,3311,480,799,45,97,516,110,56,119464,121,46,73,725,391,281,72,388,3265,56,43,11946,281,40,165,42,3686,1258,70,279,16234,1514,139,595,160,110,13903,47,135,121,811,46
1.0,274,121,193,58255,78,29692,120416,30514,29376,29,250,1364,15614,158,109,1471,222,58,166,34,51550,486,2338,19827,30,52,57,151,74,864.0,29,1099,49415,301,131,320,12729,2050,56,124,2483,10400,1176,46581,11950,22522,2970,101,45,64,4926,154,121,602,486,903,1123,2246,303,4788,109,276,1038,162,955,274,19627,922,811,471,59,198,43996,865,49,50487.0,83,441,271,140,22399,241,180,2460,40,104,372,426,1059,1301,5543,15163,145,56,361,311,78257,275,133,10444,542,113,29410,8339,254,402194,155,583,132,44,165,169,998,1778,989,513,383,98,2912,205,2876,98,143,96,8193,388,824,9115,48568,101,473,719,203,76,856,832,1535,874,2035,4088,3573,621,699,79,194,678,213,42,111608,404,27,133,1090,375,246,187,44,2995,33,109,4409,352,50,28,79,3508,451,42,400,11552,510,147,470,98,31,5309,61,95,320,323,92
1.0,204,201,211,53349,71,17100,209950,23264,27552,75,418,3875,19278,899,161,1929,506,144,182,93,70714,344,1450,17941,288,143,108,281,259,2575.0,675,1297,49065,777,123,179,11657,2897,8644,385,4739,16002,1042,51363,882,16425,2862,176,69,114,4010,111,156,395,821,1124,464,2205,498,5450,63,138,2863,263,1444,186,25462,846,585,620,291,69,34375,1441,62,85709.0,477,93,434,95,14941,144,231,4021,49,131,431,700,500,1413,5437,4785,217,54,423,616,95407,488,113,15664,1238,96,51359,4835,383,130640,104,392,66,65,86,345,569,1328,652,207,436,199,2106,108,4610,243,2869,83,5261,857,640,5290,82641,56,622,886,273,155,21,1227,2210,484,61,2934,3851,434,731,230,182,1341,305,31,201737,198,67,96,1109,1140,38,152,250,3102,61,83,1002,680,97,110,146,1634,837,83,329,6828,400,159,1059,465,69,12214,73,131,259,754,41
1.0,246,207,263,65822,141,14002,57304,20113,27770,111,549,4029,20036,1925,219,3226,271,153,260,45,115695,410,3470,27920,120,102,41,149,139,983.0,540,1102,34985,455,154,585,12622,9617,219,282,4171,24331,628,56071,9746,26022,6686,85,99,164,4879,148,135,540,1424,2096,1056,1689,509,2302,154,346,2815,241,1822,203,25923,1727,2021,762,73,125,33418,11071,92,92435.0,153,455,365,227,18368,233,202,4032,58,1248,457,604,2515,1942,6102,11374,351,69,715,361,107691,474,85,15228,1504,108,46055,8484,578,163840,114,459,97,69,126,306,379,1638,812,411,529,194,2910,219,2429,271,1720,55,7689,142,1524,10133,109582,126,928,1770,332,134,194,628,3159,556,2701,6399,4055,1291,1092,134,254,1320,130,57,147268,391,77,46,1715,1173,489,175,83,3595,57,107,6672,682,51,74,72,2393,652,32,652,9031,406,127,643,166,22,7182,95,173,383,636,31
1.0,214,136,138,79730,76,21052,161924,22768,30407,41,637,2466,22982,1240,339,5011,277,114,224,77,81718,223,1452,30237,72,134,90,138,137,925.0,698,1089,50264,1692,104,352,16399,2589,60,226,737,13785,967,49482,5492,26925,1768,117,109,76,4509,122,104,331,587,1270,1386,1945,449,7472,129,256,2748,172,1028,141,24296,592,424,377,114,141,48107,1193,153,89047.0,231,61,320,70,28256,173,390,5694,51,80,439,417,1255,1818,4713,16561,277,72,528,403,97010,541,123,8857,1227,48,24842,14975,303,144773,172,490,83,95,198,247,652,1472,986,286,348,193,2650,203,2918,150,1585,147,8262,425,962,8309,72769,194,667,841,307,80,226,967,2269,717,242,5474,4540,721,755,99,179,1036,229,134,154176,260,86,73,1462,885,385,121,93,3141,85,73,1079,622,82,157,104,2967,889,75,357,8929,510,91,489,344,55,6911,57,184,519,347,58
1.0,85,335,157,72662,147,25671,218251,22266,19765,59,682,2119,16785,3083,310,4780,252,95,211,47,69957,157,1469,20663,19999,80,41,139,400,1040.0,777,1099,80585,417,154,335,11954,1727,53,307,1508,15526,467,47234,9221,23769,4369,93,43,31,7573,64,45,245,1402,1500,573,2233,352,10118,169,745,2955,380,1123,158,26413,937,1894,124,484,126,52634,3604,61,123068.0,384,161,392,169,26440,155,345,7583,34,68,420,542,1347,1403,6027,5657,328,64,527,386,61996,406,142,19417,1266,38,30249,10201,216,90315,137,220,102,44,199,314,810,1299,1159,317,504,233,1816,205,3950,226,1690,49,11502,452,591,7068,41845,277,595,1515,206,71,320,467,1668,416,271,4561,2989,922,711,80,159,489,228,69,156395,181,36,78,1003,407,35,134,37,1726,43,1032,4661,310,44,75,139,2130,842,555,302,12146,876,142,664,259,113,5281,51,62,901,400,47
1.0,124,117,111,57140,221,26348,242865,26130,27336,54,528,738,25294,300,171,3202,355,133,205,27,55146,254,690,23143,43,53,23,86,137,1619.0,586,1086,54791,476,200,282,11571,1577,51,151,954,10097,1014,49769,1798,30676,1778,80,54,64,12709,10,77,327,708,949,514,2792,167,1772,103,194,2161,163,524,124,32864,553,541,722,263,95,36928,956,60,149488.0,166,128,345,128,20682,144,186,4630,43,38,440,297,1549,1947,8285,1789,190,62,343,109,81620,396,157,11223,1112,43,43063,9478,142,112631,134,190,34,27,109,177,663,1117,624,453,485,164,1794,138,4014,155,1454,80,6804,97,653,5006,28324,107,344,380,183,66,281,1121,1853,504,232,3012,4106,419,684,54,183,441,312,72,167896,138,31,49,853,437,56,127,64,3177,27,61,1528,226,41,112,72,2628,591,60,311,22654,1759,118,715,117,74,9749,25,13,389,504,44
1.0,305,359,104,59215,64,22176,188672,14938,14417,44,1758,861,22547,545,424,3777,380,63,270,37,50314,399,1702,20589,23667,100,192,847,1548,1595.0,520,1960,107599,488,182,343,11671,6289,1794,201,1765,8002,6791,62991,4114,32463,2340,141,39,125,3526,41,107,554,1003,1228,765,1622,70,18381,58,172,523,287,676,49,16493,1166,761,108,1124,41,38206,1649,14,78531.0,374,277,900,155,24939,202,301,79,12,232,993,1021,1960,1569,7901,9738,230,64,395,390,94501,284,293,13775,937,89,44246,10564,2808,188096,393,2324,100,38,315,264,486,256,727,428,1028,261,282,215,6836,155,1143,77,6921,184,744,11387,23049,77,384,1017,398,31,300,6037,1948,295,1573,4322,2878,380,595,242,268,547,156,37,117812,307,506,34,394,1508,552,908,322,4814,167,60,3598,324,46,241,64,2395,596,695,686,4401,752,268,1553,155,72,8860,51,92,365,521,56
1.0,437,546,275,66452,92,21138,12907,18393,23137,111,1028,2813,27543,791,519,8485,409,139,372,88,85444,260,1215,31366,80,98,86,118,686,671.0,2552,1102,62855,581,240,425,13444,8771,85,310,3813,17515,2069,62251,3404,38583,4574,102,131,146,8452,99,191,377,2220,1436,488,2292,479,1555,126,264,3141,211,1605,389,33466,1661,1754,678,810,179,46765,25788,68,134589.0,448,101,388,173,20509,281,119,8084,115,109,501,697,1969,2231,7704,5650,248,60,737,527,118385,628,113,18053,1037,100,42961,9278,264,104794,183,547,47,34,179,222,536,1091,679,1702,146,180,1831,129,5298,301,2804,101,8700,214,768,13128,73559,84,541,2393,255,113,403,2363,4388,409,617,6445,4822,928,806,145,242,1157,107,53,162857,451,39,87,1157,947,29,296,505,3786,44,74,9420,563,63,145,38,1662,709,82,326,10046,557,136,947,217,85,9408,61,146,345,565,40
1.0,149,228,118,91050,112,12525,215693,36822,21199,83,878,616,19306,986,180,1968,503,190,258,62,58683,155,1502,19614,45,94,50,562,1745,839.0,593,949,76968,1209,182,754,11064,6426,26,202,1233,8476,1328,43311,9152,23973,1942,155,106,68970,9450,169,118,323,745,1235,568,2588,57,2433,180,480,781,107,1131,128,32628,1577,961,142,310,113,53959,3751,77,37823.0,96,119,333,89,29255,245,179,4259,70,117,326,628,549,1074,12923,3055,1581,15,163,443,87375,205,127,12340,1713,61,71325,4910,1175,108590,91,118,83,43,157,162,841,389,1420,3869,429,186,349,162,5857,158,1147,56,6428,182,774,9092,24698,301,555,851,353,98,265,1139,2886,172,210,1396,3663,511,728,153,200,607,148,47,133098,185,46,55,465,786,277,434,70,1596,51,55,7599,133,37,105,70,2200,672,62,273,10429,1330,76,995,296,79,16580,29,72,869,1122,61
1.0,177,166,173,84412,233,12118,14178,30483,28703,48,799,1342,16846,2208,272,5597,506,103,404,99,181455,624,1563,24897,120,218,81,728,1452,1657.0,394,874,49825,675,122,356,15230,8695,134,249,2801,23080,681,53952,5133,33042,3595,207,37,106,8235,126,118,487,1876,2990,1545,2117,238,3344,101,205,736,163,1717,58,26195,2205,1234,473,550,204,44411,8477,107,94314.0,176,205,382,196,25186,227,684,8784,50,164,578,923,2513,1634,9582,18266,603,66,517,491,120152,404,131,13187,2127,71,42828,7102,245,134748,177,367,95,75,210,311,524,384,1446,1770,730,210,498,279,3628,216,867,56,6072,673,597,10243,40894,54,918,2356,826,99,250,620,3349,259,522,4540,3077,988,2491,169,201,956,166,97,141512,411,43,95,1009,948,156,214,71,1738,101,110,8258,191,102,238,85,3308,822,103,349,18477,803,195,1177,610,60,8321,296,176,765,628,37
1.0,179,300,102,88477,109,8481,181013,21910,16656,29,753,942,14363,749,201,4231,473,45,229,54,54620,312,2024,17212,48,138,80,588,457,4861.0,939,1151,57756,939,110,626,11394,8263,213,397,13469,15425,1762,35904,10500,17287,9459,84,105,84,10358,145,187,336,2513,1487,404,2202,160,2622,67,141,857,235,2146,88,23209,4460,2717,132,298,72,55160,8075,108,95857.0,175,178,497,242,28209,233,187,6181,64,169,370,405,1188,1364,6200,1389,407,87,258,473,76485,205,88,55440,1408,37,34113,3075,260,116079,265,250,56,82,247,383,659,486,1395,435,629,277,353,121,7877,229,1620,72,6742,218,623,13347,29890,78,604,1778,165,103,202,1379,3211,230,279,2098,3033,997,583,70,429,507,266,53,134982,296,77,93,753,721,459,175,76,1554,55,76,56779,214,48,190,92,4497,1461,53,351,28093,1151,307,740,238,70,16353,97,156,165,599,73
1.0,223,203,177,90308,98,12275,15783,38282,37190,76,1191,2901,20638,4189,367,5424,239,98,448,53,84116,412,662,17056,565,108,74,165,263,1443.0,1167,1253,91871,1787,159,546,14951,8626,86,124,2616,11852,1314,53969,13307,41727,2788,101,66,137,8621,197,178,393,1221,1734,724,2215,288,19241,112,284,1795,231,1220,77,32414,1693,1002,242,145,295,48482,8594,85,60938.0,190,191,617,112,26492,243,163,7987,56,153,771,1470,950,1228,10114,4296,387,61,282,539,132293,294,77,16757,4047,94,54341,3328,344,125437,175,161,45,106,159,322,1222,567,1087,3558,1116,222,508,145,10109,255,1955,132,6701,821,837,11442,43886,134,658,1301,1402,141,287,1314,3415,141,173,1694,4225,655,1040,234,380,1387,92,50,181032,158,66,54,607,865,376,403,125,2272,69,54,3521,280,53,177,58,2216,846,141,880,9437,1438,13,1354,969,24,6375,93,117,341,878,52
1.0,96,260,109,62324,123,20203,260977,23955,30502,44,584,1055,15506,2893,422,4535,484,1933,312,63,65848,392,1284,20830,66,146,43,946,174,1065.0,833,1190,47679,1008,178,404,11065,8348,53,193,4568,13126,339,46427,8578,19822,4732,129,83,104,6579,136,313,313,1900,1579,494,1731,139,3513,58,127,1506,268,1222,100,27465,2929,1856,162,335,99,30240,10420,51,93559.0,398,117,529,67,16998,252,110,7054,36,69,600,704,1148,1816,8577,5321,316,55,269,670,119384,447,84,19434,1642,103,46198,4333,237,121449,156,299,50,66,183,420,1668,556,1472,638,839,249,321,113,9383,375,1918,64,6738,1670,646,9919,30503,61,668,1788,348,97,266,339,2816,429,264,2211,3358,704,933,185,276,1172,128,77,110870,344,58,51,600,598,261,251,104,3100,57,70,14764,278,102,105,42,2952,887,57,676,15855,1046,221,1112,446,81,16474,56,100,227,674,537
1.0,113,272,168,79000,116,5257,179414,23209,27325,72,465,681,15333,354,165,4042,139,101,146,62,51351,834,1366,20478,519,95,63,105,233,1855.0,521,550,61811,1003,257,818,11819,3063,8455,216,418,7145,793,41813,9566,30528,1500,139,87,118,8896,56,224,304,581,1210,430,2218,84,21053,105,238,471,98,929,108,25683,1001,626,210,1055,293,36722,830,37,52202.0,293,142,338,56,26866,186,135,4683,25,173,476,537,864,1180,9278,6963,295,58,347,349,78582,245,164,6150,643,90,36095,7657,415,373237,310,4734,72,53,300,189,1446,659,1170,404,684,281,646,91,6498,182,929,111,5121,147,562,6387,21717,86,219,687,456,61,211,938,1701,410,264,3059,2966,547,761,135,266,625,202,87,87229,110,75,79,412,1266,617,155,357,2466,749,61,1270,160,76,121,41,2882,985,65,212,12892,456,179,704,190,27,1065,55,68,460,473,29
1.0,304,5740,214,62012,30,26634,146304,13925,21424,85,1237,375,12606,502,313,3490,398,64,490,42,77507,1632,1180,13396,7222,178,101,70,158,1423.0,1186,1138,121524,4400,115,775,12782,8133,3596,286,15627,16243,1329,47597,3829,21266,5810,111,108,57,6760,95,158,254,1980,1543,376,1599,294,7124,102,182,2410,471,1313,96,12748,1701,1125,298,416,48,41118,5365,61,138893.0,307,109,396,238,20071,328,119,4274,91,89,677,391,927,2056,5863,3524,262,58,589,536,74573,473,95,49832,1386,171,31924,17567,323,99416,64,489,60,44,77,537,939,401,1985,837,689,271,334,155,3116,253,562,156,9012,112,974,11191,31784,86,666,1375,6890,72,228,1329,3683,189,310,4784,3145,1024,1030,200,245,680,400,93,114536,252,90,108,802,1167,101,232,498,3179,57,78,10709,225,68,128,103,4635,1407,80,1029,33048,752,446,1368,822,48,12780,59,90,284,502,60
1.0,115,159,40,37429,112,2438,106268,24613,20176,42,891,1094,6693,2419,187,1649,134,113,185,53,39022,1197,1144,10932,116,89,122,291,600,1046.0,122,535,34001,291,111,383,6339,4877,38,145,221,5112,179,24811,10500,10971,451,141,45,39,3349,275,112,113,422,1253,313,847,247,8435,126,177,968,157,734,94,14668,339,173,139,940,123,20894,3384,94,35182.0,115,117,277,63,12936,162,183,2170,78,242,244,437,401,1791,6324,360,389,111,104,138,69265,252,114,5622,2281,47,37176,2452,372,696670,271,311,103,58,322,202,821,531,3740,1840,417,205,676,80,4232,141,907,40,3245,43,370,4880,29814,94,476,730,433,104,200,179,1770,273,78,914,1700,269,523,65,171,459,55,151,118712,109,68,46,628,546,294,130,78,1613,66,328,1278,87,58,76,64,1445,155,40,271,4939,229,144,626,150,40,193,31,64,319,588,36
1.0,110,405,258,81073,116,10934,150770,27112,20503,41,735,579,14459,1307,216,4666,221,32,498,37,66725,500,5666,26686,53,59,48,155,1333,1537.0,321,979,43434,527,95,423,29395,7414,85,133,4436,18263,1694,40812,7354,16218,7634,81,79,59,9016,58,69,253,1196,1924,442,1868,127,10556,44,281,1281,167,792,111,25207,3581,2361,225,103,80,53650,1811,24,94889.0,275,447,414,153,29846,133,151,9675,39,95,527,293,1921,1836,7517,2841,400,33,854,556,107711,590,69,16479,1770,256,24611,17012,441,193325,218,179,77,19,242,224,930,323,1465,1014,737,183,360,235,2317,62,1279,30,7935,1652,753,4186,12550,107,402,1192,295,50,500,1452,2180,401,5969,7252,3446,2110,653,190,205,798,1147,25,137629,462,34,34,574,909,132,131,111,2720,27,118,5282,297,32,130,39,3215,869,30,1420,27830,2688,128,1506,294,28,8652,68,149,561,363,29
1.0,54,161,136,80100,117,11151,154005,30249,37820,28,1093,343,17861,1403,190,3512,424,61,316,41,85296,519,1526,23290,1298,110,86,490,1497,1908.0,352,792,67942,580,150,731,14833,5705,66,215,2423,13706,3528,61575,6128,27544,5176,174,73,106,7113,90,117,439,956,1712,1300,2872,172,3608,178,286,941,258,953,56,19900,1798,1202,139,384,105,42858,1532,65,103301.0,181,150,432,152,34033,262,122,4018,69,75,461,575,1149,2835,9196,16049,328,92,327,477,82608,333,190,13573,1860,91,42342,7563,498,121911,147,131,102,28,161,392,953,375,1890,3457,590,245,386,95,9425,133,1420,76,5123,160,505,8566,15738,131,479,978,292,53,299,3095,2241,129,128,2973,3654,746,1093,131,231,493,225,31,148935,185,72,46,864,1561,324,674,27,1263,24,208,26157,236,45,169,48,4096,773,87,596,15900,1623,188,1181,193,151,13092,65,85,475,481,52
1.0,320,987,123,75460,87,19371,228235,24151,24676,48,592,776,15138,2814,417,3333,429,276,382,68,64246,245,547,15715,67,149,59,283,289,1885.0,775,1435,72584,551,366,677,10036,6657,95,191,4984,15265,857,42459,13586,21681,7438,116,86,95,8499,182,278,138,1592,1482,339,2048,224,2359,77,463,827,210,1027,58,27242,952,3370,165,1114,112,39275,5704,74,69565.0,350,108,752,170,21078,256,264,6666,84,244,519,299,815,778,10641,1241,339,90,200,698,90856,242,320,27774,2437,221,73967,6978,525,117309,209,195,60,22,272,338,859,454,1212,325,1085,239,526,81,9927,207,1296,138,9134,256,622,12340,22163,156,382,1067,723,101,164,857,3813,215,214,1620,2574,811,717,174,267,698,261,102,140651,102,81,53,614,920,166,202,445,2144,124,69,7629,213,58,219,81,2744,881,59,323,17589,1416,232,3868,691,57,14239,30,56,576,1203,58
1.0,303,172,325,68950,89,15254,156265,28467,29622,26,1015,1338,13325,2997,317,5281,387,471,382,28,46351,245,990,22357,42,40,46,109,104,1285.0,467,1156,50712,367,134,418,14235,4735,58,196,3576,11106,1336,53353,8395,39446,5021,91,72,77,7868,98,132,335,1032,1827,854,1886,247,7082,77,245,823,372,1442,35,29993,707,1766,76,141,188,40184,1792,40,192156.0,308,137,641,132,22727,150,195,7700,36,31,482,925,3328,630,10350,9724,254,44,661,276,80123,877,200,19970,2220,46,32072,18025,366,92586,98,184,116,39,94,396,1827,611,2062,3137,731,162,469,405,8061,369,3282,94,8510,414,299,5409,31655,105,310,739,285,93,240,1138,1633,496,573,6044,3870,819,559,203,223,1076,292,27,163126,203,26,38,557,1269,157,124,76,3444,31,32,4426,286,31,115,62,3470,1447,67,498,19203,637,130,1210,167,46,11269,22,71,320,367,173
1.0,135,171,104,101632,46,5599,211315,41424,37553,61,1017,885,27566,1593,282,2873,285,83,225,58,75561,439,1472,19897,12740,67,61,143,224,838.0,562,565,61115,848,222,527,14420,5989,115,117,425,7942,685,41339,8257,32916,532,146,60,121,11106,103,61,203,506,1238,764,4616,98,3603,116,272,1198,114,1189,65,54228,219,241,169,243,91,63833,1066,51,54885.0,184,167,309,72,42607,142,108,5517,73,68,436,480,763,1972,12827,6983,200,70,188,494,82778,328,135,6314,2146,84,46843,7524,311,99091,116,213,33,52,168,124,683,322,1262,685,455,176,306,136,7716,175,967,65,9807,241,695,5074,15632,153,765,597,420,66,940,599,2375,78,183,2126,4289,305,1063,69,241,610,96,78,152508,199,39,52,407,1373,75,133,103,2343,42,26,1494,206,61,193,57,2514,577,110,319,12346,713,144,1203,249,230,8749,61,110,393,91,57
1.0,77,182,152,88078,69,18311,208738,20954,25358,50,37,1309,15902,2822,336,1917,693,200,378,102,78091,794,414,14287,210,502,104,381,1471,767.0,568,1079,61647,554,183,342,12870,6144,66,56,869,11254,79,58251,15079,16634,1873,277,69,1876,5775,176,157,30,1162,1766,982,1779,184,3628,96,254,1227,151,108,122,16369,106,667,144,553,253,51064,4021,37,50869.0,70,4198,584,117,29289,54,235,8490,53,106,742,914,968,2181,4589,25343,589,98,75,82,87853,343,217,6892,3157,119,32231,4472,521,200419,136,192,64,56,228,48,1859,627,1305,4632,780,119,340,418,4151,86,2676,47,6567,512,717,10117,44390,134,60,1781,670,134,508,1522,2478,140,169,2547,2767,557,966,240,276,494,46,50,121529,229,72,49,519,2048,45,70,125,658,45,388,3961,68,41,88,75,1788,277,53,389,10098,2372,39,1479,392,74,15612,47,161,424,417,65
1.0,244,180,244,81194,148,10339,175486,15726,21111,69,667,485,16394,2339,188,6447,288,89,359,48,56425,457,1418,33588,103,218,162,372,379,1526.0,922,1154,84591,386,123,311,10268,5802,64,240,5010,9662,969,51522,9796,36435,4575,179,162,160,9634,107,209,310,961,1345,833,1906,316,2463,89,176,1325,208,799,81,20735,1958,1476,230,909,134,50862,2319,64,114506.0,393,118,499,124,24393,259,186,6689,90,311,372,526,2516,1030,9113,9820,220,74,492,765,142437,503,213,17398,2254,190,30700,6837,333,98976,209,121,78,52,350,337,1016,409,1145,503,503,182,410,144,8045,274,1847,74,11276,376,1050,12296,19274,69,908,915,347,116,460,969,2444,202,122,3658,2748,855,587,150,402,1298,144,38,119752,407,54,110,752,1616,665,253,669,3252,84,83,38844,529,99,56,43,3087,779,64,548,11557,739,112,1160,111,66,4672,78,78,298,60,72
1.0,99,262,146,86845,42,11850,199530,27327,30743,55,664,652,14256,1934,425,6622,477,24,333,46,59666,198,2341,20730,42,109,91,142,1078,1600.0,874,998,63965,482,186,509,12418,5839,195,328,1106,7983,5512,52346,11779,24291,1949,165,112,120,9901,95,163,424,675,1434,631,2555,177,4394,159,357,798,210,1603,93,24221,1258,1052,62,204,101,50378,1532,61,89356.0,154,130,639,67,29113,192,84,10284,43,64,675,1534,1234,1396,11081,3571,293,79,356,576,86350,387,297,13823,1867,60,36039,4615,411,103905,185,195,118,52,192,324,931,449,1465,2806,714,215,450,188,9329,229,1726,57,8128,865,778,12437,15567,89,566,728,1058,92,520,4744,2275,249,253,2868,3025,730,823,181,165,768,316,41,167686,364,35,103,579,1354,587,315,324,2856,40,53,33147,270,55,66,43,3765,1450,49,437,18476,3122,151,1163,605,47,12619,82,95,366,525,43
1.0,125,392,133,84850,61,12972,260665,24199,29029,108,85,2144,10878,1890,159,2326,526,79,315,90,133133,398,1769,12591,86,177,81,338,302,1364.0,1425,567,56705,886,121,667,9167,10381,113,138,1854,16137,2864,38810,13154,16406,1882,363,169,2924,7401,159,238,121,1227,2303,1126,1740,705,4197,119,206,1304,232,246,152,23195,309,509,444,340,131,47830,2365,81,59765.0,344,1625,607,150,22839,69,79,3717,108,380,79,736,868,3946,5467,3296,736,169,129,943,79926,77,102,9243,2835,255,41005,2931,298,111064,213,188,54,173,227,236,676,521,978,3164,738,401,446,92,5240,98,682,150,4706,85,1325,4393,33372,305,111,1272,528,186,592,3129,4255,304,81,1627,2096,741,2125,73,129,553,134,134,156330,392,63,54,1502,2263,142,142,280,2561,94,359,5874,115,152,146,190,3344,513,79,231,14176,838,90,697,282,50,13298,98,182,330,811,152
1.0,267,254,138,81251,83,10076,191183,22027,15142,55,1093,2185,15230,1942,247,4398,225,177,298,55,69229,266,592,26005,355,103,49,292,115,1917.0,899,1266,81839,643,148,234,21327,10199,371,191,1920,9125,201,44966,13598,27562,2136,139,72,126,6631,106,142,219,788,1281,653,2621,471,3399,90,503,1415,259,631,144,12071,864,796,126,845,53,55123,1716,61,153842.0,332,144,466,102,26793,115,438,6414,43,79,393,1221,2213,2389,4419,7128,406,59,1106,504,120793,402,266,13606,2389,126,29740,12492,415,75012,266,297,52,52,146,370,673,409,1008,952,832,284,389,106,1369,161,1761,98,5921,318,645,4219,32877,190,687,1014,295,65,770,201,2915,359,485,8931,3299,784,952,68,255,1040,388,152,140777,306,72,7,518,2338,433,128,157,1828,76,90,7095,467,90,62,44,4067,1036,24,416,24615,1322,269,938,526,107,6403,71,132,586,492,82
1.0,144,220,131,61707,97,12594,142639,30810,28711,81,656,839,13248,5256,356,4228,292,26,492,109,44645,455,918,25807,205,135,38,244,688,1131.0,875,1031,96592,4704,317,391,15226,8828,63,218,1121,5696,714,70543,15940,37271,792,167,162,117,4085,116,166,511,715,1448,521,1724,291,13457,130,455,1594,346,1272,102,25758,375,537,185,89,186,40110,5873,38,126068.0,475,192,644,103,20663,177,276,7874,57,80,683,954,2061,1918,10117,7043,236,60,672,530,109749,935,158,12786,5625,88,45373,15014,415,91788,182,129,97,38,153,412,1021,457,1801,1132,874,322,389,136,4378,149,1339,93,4421,979,850,6681,24937,158,588,946,1769,120,408,714,2670,442,574,6721,5040,565,578,92,214,1131,86,75,183654,287,32,62,482,794,160,415,301,4266,64,85,806,484,66,44,89,1464,688,26,887,4325,1515,120,844,2737,61,7949,169,228,566,603,57
1.0,265,4725,128,66332,270,7253,6850,30431,45922,69,1285,766,22561,2603,573,3581,413,71,359,36,66566,754,1927,17337,3247,114,259,129,245,1796.0,1123,857,68327,653,310,233,15256,8858,65,311,2821,9083,3091,71727,11678,29686,1620,115,235,5337,6430,274,334,576,952,1248,495,2209,214,10571,88,122,1025,237,1439,112,40752,471,277,197,151,62,37990,1882,80,89928.0,464,285,612,96,27239,198,209,9505,55,84,1414,650,1050,2655,14950,903,324,76,356,374,127573,457,97,15480,2023,134,80220,5449,423,162561,74,180,42,87,113,244,1052,415,1156,1100,2795,271,439,103,7927,216,2256,55,6494,2727,966,7563,28699,122,612,1579,57446,93,298,3468,3008,263,227,3481,3730,539,913,265,396,1325,111,66,114024,167,29,96,864,1505,376,352,1300,4607,50,65,3884,852,61,124,72,4385,717,148,922,19481,1174,106,1241,4161,98,10964,221,286,157,308,65
1.0,191,343,223,55230,75,11785,278339,23423,28709,53,704,1488,18481,655,249,3833,259,230,260,75,79429,539,3061,24670,77,103,62,207,101,2928.0,251,1321,24928,336,98,397,15883,10963,1751,227,3400,13507,816,56300,4354,21029,4340,164,62,130,10025,151,305,473,1168,1657,985,1603,428,10766,117,284,522,158,1094,138,19090,1290,1261,256,62,199,27727,7777,71,61276.0,223,248,535,154,28328,229,133,6028,76,130,396,862,2106,2458,6193,12860,306,94,301,338,117588,289,48,14491,1422,93,45937,7076,507,112377,141,658,85,50,143,246,2347,709,1361,1921,748,265,344,121,6679,134,808,86,8022,393,829,9740,33442,140,792,1254,139,468,259,816,3355,154,205,3907,3221,1165,991,98,262,936,306,62,81182,350,63,65,694,1038,598,72,68,3593,123,42,54191,381,56,179,78,4248,881,42,332,31825,1319,228,770,114,57,9072,413,907,358,647,57
1.0,193,307,74,81381,74,20863,245663,35052,38120,60,1016,1687,18694,2897,425,4847,502,232,201,38,58220,168,600,14645,3438,203,61,52,350,1006.0,888,1525,69334,647,210,432,14558,6089,97,283,1263,7971,1619,58870,11685,22873,1603,187,87,189,8638,131,117,375,1248,1463,267,1967,141,20609,132,133,1065,159,827,91,23639,1035,677,175,254,225,49876,7285,40,40289.0,232,232,689,75,29704,249,384,8860,58,772,561,1901,1329,1837,9298,4080,291,164,255,539,70562,358,308,13549,2081,59,25961,4411,473,159306,295,169,128,57,169,239,772,299,2048,2532,739,348,266,179,7962,202,2092,78,7365,604,860,9340,52784,84,488,1449,303,97,270,1329,3085,519,173,1514,2758,704,699,204,262,795,154,43,116562,193,70,100,605,888,505,134,423,3701,72,50,2498,300,81,197,110,2057,615,113,552,8767,775,152,966,249,102,11180,62,85,362,392,80
1.0,132,243,167,88801,30,8439,179973,47152,34647,36,863,1506,17818,624,243,3937,402,144,344,28,52633,464,899,23204,443,78,46,18,176,1637.0,237,1085,46209,326,296,321,21156,6430,90,115,1112,7358,2508,52527,3340,43622,1516,170,20,1836,6953,88,42,396,959,1073,2012,2639,169,1785,109,341,2180,305,998,80,27922,530,559,453,628,209,48104,3897,81,133742.0,346,233,394,64,46654,127,274,5643,57,39,508,917,2897,1643,9950,26031,260,56,412,424,81868,763,116,20839,1320,77,33948,16035,276,79937,147,312,115,56,147,443,703,264,1082,1732,415,186,276,251,6101,197,1004,48,7247,160,701,7299,37285,161,670,1020,351,64,337,2799,2361,412,845,4990,4225,597,670,66,151,815,388,49,134274,188,35,81,397,901,58,71,77,3547,33,53,2972,328,34,121,54,3394,735,25,603,12690,518,182,749,150,169,14015,48,127,446,118,28
1.0,228,232,180,50917,99,6252,271277,24705,22410,30,749,1807,15097,2134,300,5055,488,158,325,66,78622,399,1376,17185,3502,56,54,233,227,2362.0,401,1002,33969,771,270,75,14513,8624,113,128,1666,14239,637,50827,13163,23999,3368,88,95,21475,2773,181,98,351,1426,1668,1243,1002,293,1817,771,2070,821,300,1680,88,19968,1289,1478,166,407,180,24149,6040,89,115408.0,343,191,506,72,16789,306,314,6084,33,89,318,942,2088,2664,7247,17497,704,85,383,443,102475,507,156,31056,3308,99,32497,8942,646,105199,111,214,113,60,132,311,742,353,1895,1950,738,281,351,298,5718,309,1094,87,5723,336,674,13880,42782,605,835,1314,366,113,185,573,3487,334,206,4707,2737,837,1195,180,172,783,199,68,122420,176,57,72,352,1231,703,96,59,3409,41,60,7656,350,78,148,115,2201,713,257,504,11113,418,168,747,224,82,13235,12,103,2631,514,76
1.0,439,394,115,75180,141,11684,259496,41516,49432,31,1338,970,24955,802,347,2881,401,50,192,40,60406,509,943,23832,129,165,71,166,349,1649.0,316,706,51135,809,164,349,17275,7676,47,112,1339,8800,551,46810,6449,23202,2107,98,54,232,10030,149,36,366,820,1269,1361,2960,120,3646,36,154,650,143,844,200,25091,790,911,204,1223,159,43314,3705,36,63723.0,238,222,418,156,36816,144,117,7205,65,84,969,1027,1295,1441,14972,17594,335,48,217,550,77966,358,162,9575,1612,39,42835,7398,272,111243,133,234,70,46,179,259,519,292,968,1263,726,245,263,96,6068,165,789,45,9942,530,825,6378,27357,85,813,884,329,44,349,464,3162,516,180,2420,4174,695,832,144,332,691,189,74,140218,222,50,61,462,1234,319,127,73,3011,53,48,3225,325,25,160,92,4451,651,46,303,17591,1592,138,897,293,47,13675,110,99,259,666,34
1.0,124,234,97,113723,50,16225,201328,42562,23777,48,1667,932,21732,271,221,3425,467,425,260,59,57868,558,1860,14074,76,197,60,129,180,1786.0,55,897,47348,484,170,233,16918,6010,51,165,804,7776,1419,48548,3901,42203,1203,162,36,47177,8070,108,65,430,725,1193,857,2659,157,12355,147,541,1931,141,1190,88,42443,424,552,171,164,193,60153,1483,80,47395.0,159,148,440,69,61312,194,1227,4952,48,115,261,641,945,2416,10263,11354,982,63,219,459,56725,278,502,16156,684,65,32547,7265,1047,135241,263,295,62,39,291,158,732,233,1210,901,362,146,262,75,5328,206,771,43,14209,136,1042,7467,30938,218,451,785,192,67,1900,1300,2717,384,284,2196,2288,331,859,86,142,404,208,33,95414,145,74,99,472,1581,457,212,37,3094,49,66,4637,244,41,77,61,3564,136,64,321,18579,735,239,2472,98,101,13752,105,125,1206,448,45
1.0,100,247,73,51040,105,13690,302464,23173,21645,90,440,2968,15308,2289,268,3095,444,237,184,111,109143,397,486,14731,284,94,104,160,1567,1208.0,343,837,85065,2222,142,600,7987,7889,125,183,3011,17952,9551,38774,11600,14350,6420,265,80,129,2854,204,66,247,1701,2416,424,1709,531,3107,108,150,5029,143,515,157,16502,1761,1236,296,211,223,24334,3625,67,40292.0,258,173,396,247,11880,279,198,5142,83,59,459,1310,532,2139,7789,1451,468,133,185,348,99884,368,124,11408,1466,95,41245,2673,434,141068,188,190,135,60,173,353,771,414,1327,397,614,264,390,105,5317,97,2257,59,6644,595,674,13054,76961,48,597,1428,379,233,93,8535,2729,90,166,1118,2466,765,1241,103,178,1062,107,67,103125,225,80,83,695,2095,286,470,90,2528,74,80,7122,559,86,79,98,1774,777,55,310,6907,413,204,1807,331,100,10541,73,150,236,674,58
1.0,11,174,139,71868,63,15913,124607,14927,19793,30,52,727,14637,1868,174,5634,702,30,350,54,68840,212,187,23564,69,126,69,247,261,315.0,619,624,68062,254,100,361,12837,6486,19,94,1326,11624,668,60627,10205,27061,4422,123,59,1952,5969,25,52,28,1231,1564,1786,2038,124,21665,49,176,1481,342,649,62,8438,49,1865,157,587,220,44672,5342,33,179716.0,296,2643,415,105,20912,33,86,5434,50,80,409,370,2656,1800,4569,21327,322,52,34,386,88527,660,102,17439,2999,131,20763,12740,245,129909,118,146,73,35,144,273,725,261,967,5092,437,44,292,421,3463,104,1652,54,3905,221,540,9666,16658,73,585,1348,141,58,348,977,2085,78,1307,5752,3422,639,737,69,176,883,58,43,184087,232,36,46,473,769,33,41,47,1794,32,842,13723,17,51,74,58,2222,199,46,804,17802,694,37,117,199,79,11739,42,151,205,233,28
1.0,403,205,166,85975,92,6775,197659,24763,21078,80,464,312,15193,2149,229,3397,226,213,506,47,46105,285,1099,26476,13805,116,60,101,102,1213.0,829,682,75270,602,155,103,15101,9683,50,297,1977,9694,1947,67855,10319,37521,2523,99,74,52,5568,99,97,227,975,1041,517,2196,392,2290,69,122,4469,226,612,403,32824,849,823,155,77,39,54994,5002,75,135820.0,637,154,528,136,23831,153,81,4259,51,81,311,617,1631,1849,5154,4224,212,60,566,581,123061,385,108,13976,2972,118,35723,11661,398,76691,137,73,52,49,133,297,767,368,1092,3668,574,210,429,129,4287,92,569,439,14697,213,2079,6542,6633,76,518,1378,570,52,245,1766,2399,95,602,5080,3195,583,522,109,242,1290,119,45,155539,216,43,95,862,935,47,189,138,4297,54,44,1715,651,48,84,171,1301,792,224,822,7850,536,121,647,343,103,2758,72,128,229,656,53
1.0,93,144,129,97832,119,4388,173253,50245,40966,57,511,2915,17599,1052,103,1592,192,49,120,59,68847,501,1206,20620,61,73,49,129,435,1707.0,309,558,78637,593,194,348,18028,5377,55,216,1168,9031,500,45064,9753,29438,3581,125,48,53,7475,56,76,209,629,1304,556,3904,321,3092,86,71,1682,57,1145,91,38492,1041,858,315,180,280,69407,1238,55,38865.0,192,167,243,145,48954,189,176,5476,48,126,211,529,722,2419,7818,3322,297,59,242,337,74337,346,211,8625,1862,56,48134,4338,332,166394,93,179,55,22,96,236,502,336,1116,2097,277,184,445,157,6656,144,970,59,4889,377,740,6148,55366,39,484,802,294,79,82,500,1935,257,107,2003,4109,290,1159,52,157,587,87,48,120491,188,44,30,642,1042,274,163,47,2800,75,62,6595,261,26,75,111,4151,410,44,311,14178,252,156,683,177,130,3679,105,203,168,813,37
1.0,44,123,104,81369,52,3076,127488,29050,36108,64,60,866,31281,268,39,3675,541,119,172,34,58164,401,1305,24483,44,210,90,100,1173,2526.0,384,548,102159,341,59,543,14834,5197,48,71,213,6062,68,64802,4122,29651,390,231,78,1026,6596,150,130,76,552,1270,437,3554,189,3818,97,129,1242,50,47,66,25728,91,186,227,89,143,55507,5145,57,67939.0,19,2385,325,89,32938,27,426,4514,35,115,377,832,1117,1401,8568,20936,254,30,56,293,85267,344,139,10275,707,145,36965,5835,310,162253,147,342,86,67,203,44,667,241,4856,3092,494,116,342,102,5279,52,1118,78,3857,147,885,7654,45183,47,63,100,354,155,91,159,1935,71,194,1819,3754,275,823,160,126,853,256,24,181047,249,37,72,505,924,832,78,71,3920,57,450,629,37,98,46,45,2795,336,90,339,7154,2735,82,1204,380,74,12464,45,78,202,478,45
1.0,28,178,144,53435,120,7913,134663,19713,21044,28,747,1095,13445,2024,139,6143,377,99,311,66,69673,549,800,24090,42,121,72,281,840,1821.0,507,597,60303,415,104,269,9951,4407,30,112,2412,12316,87,50856,11503,22211,5264,117,32,1955,6130,146,87,20,1062,1463,1547,1750,107,6967,35,200,965,260,723,59,23288,448,1914,129,304,97,42661,2066,56,100072.0,202,3429,415,81,18972,30,103,6928,54,39,30,506,1366,1111,8158,8489,254,34,13,386,168642,399,57,16481,1894,89,34111,5938,302,246539,176,127,74,99,191,302,790,389,5892,937,511,66,184,181,4737,68,1116,37,4976,403,417,8044,23993,69,31,64,485,62,325,223,1999,57,263,3479,2539,639,903,18,175,1246,148,37,121861,240,32,87,162,1420,56,201,30,3002,16,479,5773,131,34,22,64,2921,174,56,341,13044,2209,27,899,312,57,6268,45,47,335,424,36
1.0,256,509,149,55296,203,8203,307959,11386,6243,112,1098,333,11010,2822,1793,3769,1263,5260,410,70,46507,1148,477,13923,40420,70,618,3086,81,906.0,1235,5187,62300,337,332,295,13843,4388,68,341,835,5258,5613,45613,12367,20109,225,154,155,141,3300,292,193,318,460,849,386,1374,227,44511,189,2559,408,470,970,209,19524,245,192,329,3460,539,45375,1850,48,103065.0,427,140,4905,61,18255,793,2723,37086,44,439,761,1496,3077,927,9538,1759,155,45,579,551,93970,272,1316,6137,1481,622,40779,8164,8898,47622,976,166,83,44,1114,503,3301,812,3625,1660,3417,189,181,238,5987,531,1543,117,60277,1109,693,10138,17600,891,356,762,706,116,456,4967,2356,156,213,4426,3334,411,917,799,624,483,6,53,80368,405,9025,443,677,2150,292,197,664,5347,1003,44,413,184,31,273,295,1006,3179,6454,870,2511,1465,299,3347,552,166,819,73,105,5105,950,68
1.0,646,225,154,74834,50,10940,180948,20972,12125,47,550,590,19695,2991,382,3460,350,30,324,57,61049,246,1229,26701,84,137,54,344,261,1097.0,528,654,59142,450,205,85,12634,6412,79,262,10873,18784,1602,58392,8233,32833,7736,106,91,107,12144,80,383,277,1747,1723,252,2182,444,4156,54,237,7032,386,600,646,24742,2150,1630,145,230,95,42064,2648,49,199516.0,664,176,716,163,18028,215,72,5949,36,82,329,990,2499,1464,3289,6010,440,38,555,631,101492,567,86,21745,1951,112,17903,9944,236,57178,118,139,69,44,99,418,1048,331,1347,586,962,238,428,88,3282,46,728,596,15645,1185,2056,10660,12268,76,474,1355,2687,69,370,1602,1951,46,1229,4483,3108,1230,598,164,133,1472,170,54,148061,384,60,54,1093,1418,119,376,259,2895,69,93,22919,774,57,169,258,1774,746,53,937,18331,1207,161,1755,790,41,9964,47,70,335,374,21
1.0,165,90,115,87330,108,19579,302191,29260,20524,88,303,41,14273,1151,247,4991,183,55,243,49,98271,454,2712,15614,454,142,84,857,920,,630,1313,47988,148,137,776,13746,5999,885,317,1196,13307,163,48354,6489,18601,2392,152,152,52884,4975,162,538,343,965,1819,231,1687,156,3555,38,74,17198,118,1221,135,29190,104,699,392,92,177,50810,1830,21,,170,116,576,103,29870,134,140,5598,104,278,879,3607,1300,2310,9382,2434,420,71,413,180,64114,273,66,7503,1374,169,45090,7045,1412,136533,72,63,82,89,362,104,151,615,543,197,406,475,131,410,6050,167,1050,141,4612,252,677,4644,37030,98,151,840,13545,133,475,333,2032,96,171,2941,4686,633,1171,174,248,619,131,102,102646,256,1092,142,1605,1099,389,80,456,77,87,70,7033,304,101,102,102,3027,822,81,336,10101,2167,107,1144,2747,44,10023,31,45,111,783,47
1.0,99,914,223,64542,123,27699,202246,15857,20629,58,1271,3058,12257,861,125,5995,350,126,199,34,94165,252,2338,14337,55,67,35,120,136,778.0,1241,1350,28973,293,100,413,9748,2261,62,222,3314,19291,536,52825,3886,25715,7500,93,117,103,11736,138,228,533,1062,1585,476,1133,401,2133,69,187,1114,37,2353,68,26270,2228,2373,247,72,142,41538,2441,88,68130.0,333,150,278,133,30037,156,159,6171,55,323,271,361,2136,950,5312,5080,453,87,224,505,63906,316,69,17611,1248,63,36250,7856,216,129507,141,391,34,48,170,267,562,1450,703,257,1036,163,2616,280,1930,435,1155,86,5782,298,711,5716,64183,115,538,880,389,103,135,536,1909,118,87,2812,2784,847,1256,95,213,578,227,43,77027,383,58,42,1112,979,810,74,405,3188,49,51,140224,296,62,68,43,3577,731,53,212,37582,1990,199,424,253,227,11076,50,224,209,398,62
1.0,125,145,122,92795,134,9265,169409,28253,39182,53,365,766,17681,3837,229,5486,380,54,219,50,45127,457,1276,23754,46,151,70,287,633,2386.0,799,993,68174,1868,199,399,14196,4458,2786,244,1639,6051,880,52565,11170,30168,1340,170,151,108,10624,152,226,299,898,1078,263,3277,176,4103,170,468,785,114,779,62,39096,730,615,103,368,259,56143,2234,81,136708.0,397,122,456,80,27623,120,59,6042,34,95,491,655,1579,1287,12495,1998,176,42,373,502,78369,521,115,10075,2107,82,43821,7729,300,121790,112,171,69,74,101,232,895,375,1062,3584,528,161,641,135,7693,244,2082,66,6898,240,763,3431,26069,145,415,835,550,71,284,672,1946,280,218,2873,4003,422,756,183,92,851,211,38,145417,181,42,57,558,1568,392,139,300,3507,35,48,2715,313,36,118,53,4666,1187,50,456,14873,658,217,1111,266,40,17527,49,42,510,588,54
0.0,91,165,108,104080,102,4934,194074,28402,42274,43,510,842,22471,523,202,1516,866,385,171,52,73800,65,1110,21318,62,144,82,109,810,2270.0,503,458,78018,336,242,438,14373,5754,1223,266,255,7903,690,51470,5303,24426,611,173,54,534,7497,104,162,455,661,1361,1438,3302,153,25348,86,130,1432,144,953,76,23412,351,520,129,84,201,66865,1145,41,34368.0,80,222,337,79,45153,222,206,4745,39,444,474,882,1373,1258,8448,17809,315,65,205,341,76695,253,411,8467,959,108,37954,3694,269,167106,162,247,95,60,158,170,437,241,2129,848,686,359,173,109,6112,105,984,47,9053,164,576,7397,29362,54,505,978,280,74,1017,535,2284,307,341,1825,2934,318,1008,44,169,591,147,41,137635,250,77,285,928,1916,247,147,56,3119,107,32,1418,66,52,133,30,3443,1148,33,608,8252,370,101,593,122,7,9457,28,115,196,76,37
0.0,137,169,147,76406,110,25317,124554,32120,40393,29,701,1294,21995,1620,150,3861,820,47,220,55,88900,404,1407,28292,78,191,74,263,884,1978.0,789,927,45371,686,205,655,12946,6969,65,292,1511,14279,641,56921,10970,28533,5020,206,64,132,7178,141,73,347,1255,1998,1834,2592,197,1984,86,141,1736,209,675,75,23275,3524,2487,170,209,293,49398,5800,62,77354.0,113,187,404,121,27064,182,96,5197,57,65,422,569,1298,1588,9416,23004,556,53,306,548,73775,361,132,15213,1718,80,39456,8277,407,155606,119,481,62,52,124,282,856,355,1167,734,282,441,1157,213,10250,205,1520,54,5725,148,596,10224,73826,75,627,1262,261,123,266,480,2584,148,75,3177,3150,1055,1013,129,252,812,239,65,116944,197,39,63,574,1052,408,237,112,3497,48,75,10208,300,50,85,55,3641,964,46,470,17253,642,126,1104,187,121,15091,51,61,259,553,44
0.0,219,66,95,91412,68,7556,218530,34805,30510,79,535,52,19858,3191,300,3319,126,86,328,50,45865,589,4519,20966,8417,117,34,794,964,,1236,636,68770,129,158,551,13944,8175,66,408,673,5663,4332,64722,9775,26170,941,59,286,64,7095,131,492,278,661,986,662,2376,164,2665,67,42,15776,119,479,107,36621,83,369,200,51,74,48122,4874,52,,150,142,488,105,29972,225,78,6957,74,185,506,1561,709,2169,14967,4161,249,58,268,391,92372,285,77,8736,3378,113,55646,7415,456,185506,121,72,38,40,692,83,1034,529,594,281,34,266,147,106,7581,250,883,107,5104,381,600,8104,28397,74,700,1095,16508,50,369,394,2850,118,358,2380,5804,355,814,147,172,694,100,69,130617,281,758,107,373,746,159,522,264,2350,45,54,202,455,31,83,73,2529,551,183,474,6598,710,97,1029,933,47,8520,54,41,68,829,78
0.0,241,142,109,61199,88,28855,76414,22061,27561,67,783,1140,17409,264,276,3385,586,311,119,86,85690,457,1585,16329,125,65,59,126,398,5026.0,766,1167,108539,548,127,314,6903,6081,79,233,1048,13714,442,48042,5478,13338,1324,93,167,112,3277,202,117,394,1317,1411,659,1501,315,3519,57,384,863,52,1276,241,21276,423,382,336,1387,140,25691,10402,120,141965.0,398,141,460,108,12991,164,142,4316,43,100,558,303,907,538,4359,4665,314,61,341,551,71535,292,51,8795,456,66,35748,5716,280,188058,143,866,101,70,179,253,578,1884,12535,177,534,200,3225,144,4529,294,2156,145,4552,209,559,6190,65558,131,501,844,290,85,113,442,3250,471,226,2325,3171,412,984,122,237,403,212,55,216244,204,42,37,1359,650,431,127,254,3040,61,51,981,193,60,123,147,1930,1055,79,243,4847,650,158,468,542,29,14386,39,120,527,471,68
0.0,355,154,214,59892,195,58733,139563,19863,39424,53,1380,2195,25300,1353,351,4839,657,192,297,65,114121,779,1298,16144,189,161,104,219,107,999.0,937,1888,58133,569,151,285,9187,3411,96,378,1110,16798,1100,61253,3514,15738,1531,191,91,174,2582,165,222,504,791,1549,902,2538,434,3549,105,212,1058,222,1642,78,16834,519,412,822,331,141,31094,1629,72,91907.0,358,332,618,131,17614,178,208,3007,77,123,806,712,1399,665,4693,10664,231,58,396,647,102911,495,69,11996,1273,145,41627,4983,274,149781,174,1049,82,91,299,280,1206,1560,3629,287,695,315,2910,149,7116,376,2997,203,7887,280,677,13031,72254,64,510,952,462,184,78,1100,2573,153,268,3144,3571,438,1416,145,239,629,289,109,142751,528,62,95,1268,562,453,178,304,3940,97,105,737,277,92,184,105,1903,914,68,411,1914,487,112,1049,307,18,12069,59,101,250,508,135
0.0,350,219,115,83751,113,22294,28030,32366,41731,83,2177,639,28012,2632,268,4885,615,74,281,102,75032,418,1193,25638,109,219,36,343,69,1532.0,1008,885,110467,5433,228,702,12797,4464,83,183,1425,9449,594,53939,13415,46394,2425,208,189,184,7224,182,203,291,912,1503,969,3350,107,4003,90,120,785,78,509,144,35271,1408,856,165,370,358,49989,1887,45,65788.0,501,283,423,137,29131,175,282,6116,33,92,828,678,1555,1897,9487,11506,427,54,468,456,117359,275,346,7375,2328,101,40293,7029,306,218891,159,166,95,59,182,231,1281,372,1039,3087,550,485,334,152,9427,137,2475,112,4161,420,896,7581,19766,160,439,830,486,91,219,594,3221,335,136,3332,3293,529,911,132,228,933,136,194,127773,259,75,98,773,1879,443,234,393,1736,97,46,1901,259,53,167,92,3239,977,62,221,9327,734,171,984,403,39,12324,49,130,268,657,62
0.0,1172,287,116,79592,61,16048,76485,23222,17631,75,508,2311,13832,503,414,6452,211,50,224,64,172048,598,1056,11725,635,1350,402,345,377,2033.0,70,927,49742,1191,117,133,9727,7307,36,381,1533,27855,767,44170,13330,15313,1874,204,114,194,7428,133,101,309,1929,4540,949,1403,391,2703,69,127,13846,58,2227,1172,19122,560,626,571,401,137,41433,11330,61,65217.0,146,87,855,109,27190,228,387,3679,42,117,667,622,456,1267,928,12564,598,76,258,747,44366,281,132,11155,875,140,12081,6591,591,280138,150,819,70,58,199,221,1099,1651,1783,396,58140,290,2794,215,2079,151,1021,278,5212,158,509,6254,51785,62,953,1563,222,109,85,767,2854,135,155,2707,2206,1067,1676,97,231,291,228,54,111089,628,53,61,1146,2324,49,131,117,2659,68,186,2420,130,58,189,566,3483,917,33,298,17926,949,79,723,252,98,828,55,193,173,477,65
0.0,228,471,142,106361,68,19527,117075,27391,39254,80,493,1896,25377,303,242,2377,596,188,269,132,72323,154,2196,20518,121,71,144,265,418,527.0,8,1006,76775,623,166,203,13229,3152,97,360,751,12812,1852,57540,7761,22520,1227,117,82,79,3423,117,98,602,1068,1259,1710,2764,401,3197,142,156,2288,51,1332,227,18133,410,62,265,259,157,59437,2666,123,48004.0,148,325,424,118,33088,179,191,3311,88,235,425,557,1050,2170,3636,25620,98,54,616,549,91384,322,103,10161,569,59,43168,4128,222,146211,186,475,141,77,186,132,935,1227,2062,265,561,235,2038,227,5800,233,2768,98,3663,86,961,7840,67991,64,672,639,219,100,301,1628,2466,402,292,4137,4350,472,685,77,239,685,176,112,181026,179,54,91,1248,805,573,168,38,3765,104,45,463,393,113,68,203,2512,773,92,351,3303,357,153,669,286,80,16424,65,104,283,393,129
0.0,130,251,109,109555,97,25016,8175,32151,49072,57,994,731,23098,2853,275,2668,412,39,247,67,57993,136,1884,20578,58,99,97,624,212,1581.0,413,1098,91863,1039,205,810,13843,5678,88,190,574,7656,1327,48876,11745,31722,2013,162,125,155,14497,249,82,523,660,1801,586,3494,226,3520,59,157,1061,217,1430,33,35000,1380,841,117,53,207,63091,1136,115,92272.0,482,299,425,84,38067,142,162,7789,78,155,870,1002,752,1561,12179,16965,562,84,209,401,88357,363,142,9366,1992,122,56749,8026,254,144838,115,132,86,78,120,336,962,404,981,911,786,262,662,188,9706,241,1601,90,6508,355,681,11259,21474,224,466,724,487,116,226,1327,2300,380,411,1901,4201,596,766,118,105,620,291,111,183448,186,49,54,828,1670,428,197,450,3087,74,87,4913,143,78,155,80,6142,904,92,449,20387,1950,129,590,237,195,12935,76,97,204,827,55
0.0,192,180,132,91917,91,10602,243759,33787,29566,114,818,1112,16336,4635,185,3158,371,357,296,70,62269,419,1011,13547,344,79,104,890,437,991.0,604,903,59056,645,189,424,14226,5813,388,167,1938,9639,1008,36145,15675,32529,2520,129,84,84,6826,154,49,357,931,1246,1167,2558,104,31060,108,151,1236,44,1472,82,33455,1615,1122,181,306,193,46641,1916,53,63288.0,135,184,471,143,32105,303,164,6848,53,77,462,1070,902,1665,8619,8810,250,71,212,575,79283,329,384,24657,3752,49,40179,4109,264,97384,212,151,98,69,204,179,730,218,1629,721,560,274,494,102,8640,179,4509,61,7888,440,459,9541,34689,71,480,930,459,44,272,886,2528,305,263,2270,3778,579,761,179,148,442,81,72,147613,223,84,88,511,2315,473,66,55,1452,84,71,3158,152,46,95,34,1882,641,55,456,16595,364,148,897,179,170,13051,82,145,193,588,38
0.0,301,575,73,90863,60,8217,194006,21588,19886,37,1389,383,17748,3419,260,4818,194,433,363,46,50579,364,1156,16170,87,172,168,1041,60,1476.0,940,736,103887,567,81,415,12245,9060,749,266,529,7156,5124,53727,19491,22168,671,108,81,65,7874,55,93,389,917,1215,715,2414,331,11434,92,232,4759,187,730,248,26944,221,157,167,444,130,51421,6052,80,92729.0,246,141,544,56,30079,171,680,5575,46,48,543,1186,700,2464,5011,5587,221,76,149,443,87652,276,179,12214,3766,95,36878,4679,584,103631,229,752,88,40,189,335,637,388,7528,2683,882,323,343,76,5079,115,825,325,14525,131,1920,6316,8909,131,739,1690,507,89,147,4555,3310,157,257,1439,3110,519,581,219,44,446,162,27,203153,388,65,31,1222,843,317,139,78,1620,111,44,1760,225,55,230,169,3188,843,32,366,9259,869,157,1038,339,108,1947,128,100,290,136,65
0.0,380,470,209,119844,92,8186,9895,31817,27710,74,1927,394,17756,1466,459,4674,531,50,277,94,66162,426,814,20241,76,130,74,855,997,2900.0,933,882,99980,1760,187,186,13031,7834,660,230,1326,9615,1981,44406,8539,18240,1583,137,114,46,9714,130,162,265,775,1610,570,3137,252,4747,78,107,2433,349,720,257,35821,926,546,193,1326,114,64101,1897,94,143662.0,244,118,675,162,30381,189,171,5129,82,1284,763,543,1206,2950,5514,598,233,84,472,562,107436,316,149,13327,1688,169,31589,8274,440,129203,186,257,66,95,194,606,1211,596,1060,696,37563,344,486,161,6684,183,1427,281,14726,185,964,6268,12431,88,640,1268,713,166,359,2093,2934,356,381,3517,2594,582,847,236,111,534,403,64,184945,309,83,86,1032,1670,79,187,151,2661,51,522,4517,171,88,163,151,5381,819,51,439,15472,893,122,2717,324,86,11007,55,161,183,104,41
0.0,589,273,86,66440,181,9868,246874,28581,15826,72,793,921,14745,2659,470,3517,422,23,303,80,61307,632,377,14711,160,63,90,1502,1302,1529.0,390,1371,50727,401,283,458,10903,7606,120,266,5210,11107,1993,48501,13091,25439,3326,157,70,81240,9034,186,105,348,1474,1354,428,1336,236,19155,52,176,1467,96,1183,71,32443,1354,872,135,242,172,39026,4772,91,33583.0,339,188,658,124,17826,200,145,11934,25,219,419,581,691,2312,11238,2885,1739,79,110,238,78201,310,177,19304,2068,83,66110,2899,1850,137884,269,234,122,87,273,430,1398,455,1368,928,1711,249,349,196,9556,255,1656,88,6536,1211,1024,10911,33189,59,668,1244,1145,90,297,1993,3813,277,103,1399,2593,630,806,214,228,645,99,65,91209,174,82,81,538,815,184,321,493,1177,83,53,10552,346,84,192,91,2152,1001,67,461,18536,2461,230,1963,1452,82,16349,32,122,296,1037,59
0.0,233,142,63,82321,123,13068,84343,20225,17375,196,627,3867,15685,1244,326,915,219,120,188,68,83020,349,49,18076,164,136,124,113,154,3526.0,985,1255,22053,218,213,187,9062,1981,70,782,1924,14765,1033,33909,237492,19475,4136,106,710,100,7416,102,296,233,1273,1468,608,1932,334,2822,150,290,2772,141,479,120,23107,1235,1026,307,215,46,52105,1927,66,36899.0,224,148,446,111,33629,446,170,5790,44,52,521,613,290,1102,4394,5883,370,35,289,525,83466,288,594,18154,1935,36,29178,6564,425,169645,196,385,79,73,204,256,620,1145,937,327,861,201,1943,43,2526,212,1124,68,2746,192,496,14327,105245,120,554,762,169,138,179,896,1896,26,46,665,1341,562,2025,104,95,1858,376,41,106947,954,203,95,950,590,208,103,136,1273,62,72,4599,1002,100,164,63,4034,467,50,169,13598,477,11,948,197,72,3539,38,106,294,530,46
0.0,329,276,190,79070,83,10497,192679,31337,23460,65,646,433,16098,824,270,1749,536,57,325,45,60841,688,1663,20084,382,142,58,171,70,1689.0,104,874,90955,609,209,182,10934,9988,45,300,1220,9977,3150,55363,7228,31954,1903,131,59,68,6313,116,88,168,992,1243,277,1867,327,45562,87,250,3940,83,757,310,24953,1176,846,145,438,65,36606,2617,34,46381.0,169,157,547,101,20962,394,140,5843,82,102,550,411,844,2853,7728,1127,336,57,193,564,97221,217,242,18057,1714,94,60175,3881,491,125597,160,160,90,42,233,284,1328,504,1443,4171,870,317,524,59,8781,165,887,210,9156,245,2743,13250,15407,96,1337,2352,177,52,198,2741,3394,187,181,1850,2748,413,716,151,298,511,177,54,159395,216,84,89,1366,2131,207,368,128,3614,71,60,8807,170,78,128,93,2868,385,39,615,11187,689,129,997,419,86,17839,37,78,387,1086,34
0.0,169,197,91,66274,16,17379,116232,21777,25232,29,967,574,14869,958,303,1948,338,316,249,41,40865,573,370,14916,95,67,62,19,147,2070.0,603,1221,82526,490,124,308,9045,3827,74,151,254,4804,919,37851,8026,18154,586,94,42,47,7768,196,72,279,471,1503,492,2031,102,4616,63,260,702,305,477,76,18364,300,188,101,129,133,40725,1273,63,101097.0,227,229,697,56,27662,231,552,4552,66,52,500,763,737,248,5307,5318,378,30,283,402,69166,255,207,8447,1695,49,30283,7525,479,341284,176,262,76,36,185,401,1135,553,2647,2673,1004,199,727,155,7343,330,1069,28,8156,183,419,10575,23211,106,639,965,242,43,198,1116,1866,243,53,2147,2837,306,577,178,219,431,321,92,182017,103,72,140,522,1293,36,74,76,2326,39,530,5236,96,36,112,35,4444,1062,64,279,15952,2268,199,956,234,76,9230,42,107,377,531,49
0.0,480,201,109,72247,102,11773,184438,20170,22361,46,449,1475,15396,5606,382,4832,457,60,324,46,72718,162,1172,16469,154,114,111,711,135,831.0,1153,1187,64509,533,201,720,12206,10012,99,394,1237,12579,1308,52389,11261,22147,3734,84,213,35075,8553,207,304,385,1067,1525,999,1969,193,4601,95,102,1065,131,1250,39,22763,2363,1711,160,415,116,46257,1658,73,98509.0,419,205,718,122,24763,239,157,9014,59,2256,387,892,4155,831,10730,2341,962,90,508,632,97680,441,427,12039,3647,234,60001,5587,968,108950,221,292,51,28,252,302,1730,662,1058,2776,809,280,557,63,12387,224,1579,143,9872,265,793,10785,32886,66,980,858,796,123,127,1308,3311,499,303,3969,3491,699,879,237,280,812,130,112,120327,218,45,46,914,1717,586,238,479,1943,80,54,14481,279,39,129,107,1299,1363,49,411,12561,1056,217,1263,351,69,19522,70,84,273,912,71
0.0,465,1285,124,98914,106,10935,147368,25244,35270,90,1221,882,18758,2644,210,4152,347,54,248,111,61963,316,1402,24059,37,201,51,284,529,863.0,1591,680,86463,2126,278,565,9278,9088,75,343,3171,9226,600,60903,8438,22336,2808,124,144,104,21010,35,166,317,901,1375,484,2505,165,3127,99,151,940,412,1267,89,27185,773,622,186,108,113,49858,1526,78,104307.0,442,202,408,104,26808,259,151,4523,63,108,762,1332,1101,898,10322,2892,217,52,353,593,87709,313,150,8437,2214,161,62172,5609,212,107816,94,102,86,65,73,513,949,348,1077,2474,346,234,578,152,6400,177,1857,74,6642,124,625,9768,28009,184,669,917,4173,56,193,600,2598,332,247,2436,3555,396,1000,189,344,832,243,79,108958,184,73,19,625,1216,393,237,360,2293,90,53,18313,284,37,113,112,4127,1373,61,690,46948,1739,145,1115,689,91,16619,44,66,339,967,50
0.0,174,201,84,80211,128,8954,197470,18235,17130,39,1084,594,21915,496,146,1785,383,377,202,96,78420,318,488,12903,85,116,67,135,155,5571.0,514,938,66411,864,169,290,8673,7087,43,272,3366,12318,2340,42782,3300,17215,2596,158,59,44060,4067,135,92,271,1050,1757,534,2134,186,14491,127,120,883,106,723,73,33306,1126,967,262,124,193,40518,1912,112,107277.0,243,108,449,163,21341,360,106,3444,71,96,229,612,586,2172,11117,3920,987,57,216,359,54843,259,81,22148,878,121,55207,4319,891,106985,166,225,121,55,138,315,477,353,821,396,828,274,464,105,6440,170,1503,59,5164,138,419,13743,25908,65,483,946,218,58,221,2770,2724,257,147,1920,3016,650,1267,148,181,387,164,61,194553,600,67,50,683,2656,90,106,163,2626,84,92,15848,131,80,206,123,4107,528,71,297,13834,764,119,710,202,65,8187,62,139,259,960,82
0.0,493,269,92,63674,122,15064,285048,18735,14169,95,1187,707,13046,2265,328,4184,518,1004,276,79,117421,730,1173,13603,168,139,117,680,210,1780.0,733,1320,31585,452,233,484,11780,8325,3524,249,1062,12850,6721,37436,22974,17186,1512,318,80,41175,6824,153,54,289,928,2098,461,1476,200,48619,50,278,1628,96,876,64,21565,733,457,324,1482,249,26542,5619,60,51529.0,203,165,616,119,20014,239,263,6383,47,160,442,991,898,2814,8122,4608,1120,56,239,434,99292,401,448,8265,1690,50,46017,4330,1048,108815,321,1229,69,43,67,272,673,432,1398,451,1083,354,473,158,12770,150,2086,56,6644,414,500,7755,19180,122,1047,1017,491,109,233,6031,3438,165,229,1761,2234,463,1836,203,461,457,99,46,123644,261,72,115,752,1389,537,106,69,2378,126,106,1902,137,59,263,136,2081,770,90,255,9310,1199,328,1266,372,57,14240,59,117,591,790,76
0.0,253,184,119,84044,88,8386,174956,22947,31086,91,831,736,31230,2811,414,4022,530,54,338,223,69577,279,1330,25487,2678,76,124,323,717,728.0,140,659,85927,1462,225,759,10943,9011,68,194,138,7648,2592,53143,14316,40223,369,118,95,53,5401,81,159,294,817,1449,801,2422,138,18855,56,236,1585,75,629,75,35499,203,186,268,579,190,43635,1411,99,54437.0,141,148,439,124,23427,204,279,4200,73,161,433,742,1222,1989,10796,8690,238,45,253,330,146398,387,221,5837,2601,88,54074,3600,355,77954,188,273,104,96,151,165,714,475,2202,2676,714,279,434,64,6013,101,2787,105,6371,163,545,6364,36311,70,931,1153,258,96,236,2343,3050,129,276,2153,4645,300,1077,116,181,1292,124,148,161056,286,99,74,492,1699,194,385,84,2413,109,95,1181,325,75,96,113,1390,732,89,360,3743,330,93,811,210,83,17132,86,63,399,924,84
0.0,98,194,72,53721,60,7466,129220,15510,15713,53,350,1002,6812,215,109,1980,92,68,70,64,44667,1386,821,9302,476,161,53,109,809,1747.0,634,566,40719,485,139,230,5622,4705,65,175,467,6210,2016,22206,17165,12361,1127,129,82,53,7132,249,38,84,510,1195,151,792,223,8714,73,206,762,53,664,25,16958,883,630,91,213,231,29348,3371,46,43605.0,197,119,330,61,15477,126,353,4135,46,105,288,417,633,919,4845,863,375,61,221,227,30750,217,95,6767,552,44,22842,6131,462,688724,388,424,86,32,450,190,960,627,2971,1595,384,116,245,94,5172,133,203,80,5441,34,629,5538,39096,127,243,913,336,84,147,2300,1882,245,192,1676,1341,297,556,126,169,300,229,159,64087,130,52,63,435,679,216,96,311,1094,52,44,8135,86,39,87,46,2869,497,31,282,19566,939,273,564,131,20,168,46,99,204,436,34
0.0,177,621,112,76004,27,17727,198929,23546,33444,76,974,873,19939,3384,281,3378,364,226,345,100,88505,467,1485,18438,143,191,262,403,947,906.0,1205,1068,85098,811,203,364,9593,8723,1109,109,3961,13655,3923,51745,15629,32977,3853,220,113,149,10668,120,158,325,624,1756,753,2102,223,5002,75,161,1174,129,1218,145,32714,1463,1167,115,227,145,41532,6040,44,44308.0,386,196,604,104,20135,228,363,9017,65,87,763,710,744,2119,11978,7644,365,64,251,197,94676,282,96,18238,2546,43,49154,4047,1180,120675,152,268,82,109,154,198,603,440,948,2292,912,196,676,115,10437,294,1552,49,8697,869,1107,7490,37438,129,638,1513,299,119,324,3458,3056,424,192,2209,3158,747,1237,170,229,970,107,54,116770,196,71,45,709,1327,163,212,81,2893,71,34,9421,345,31,191,75,3211,1182,107,332,16276,804,124,1365,759,135,10269,52,51,111,773,109
0.0,205,182,107,54089,71,14399,150643,24680,23054,42,466,953,15352,1115,513,4500,544,175,150,47,52993,753,1681,13855,1223,133,113,454,477,3102.0,481,1230,71382,591,231,739,9879,5722,41,287,1288,7797,462,45645,9987,23545,2186,119,77,114,5425,170,96,292,898,1029,591,1653,112,16594,82,291,922,173,554,114,27881,1012,961,83,349,93,35181,6718,34,92798.0,375,222,808,89,17064,188,311,8889,48,588,797,739,1502,2076,9870,1369,262,97,238,189,80559,271,539,11617,1519,46,44597,4357,500,313878,267,144,44,20,339,314,564,253,21021,692,1165,214,353,97,5226,246,1793,55,8516,286,771,9385,16927,100,701,1038,342,75,431,337,3004,301,62,2067,2424,415,651,214,315,720,220,48,119975,156,56,81,321,697,462,357,95,2839,39,36,3179,389,27,137,32,2764,494,133,177,9659,897,135,1709,276,77,14279,126,187,351,683,59
0.0,2485,170,124,93475,153,8316,30878,41840,40417,33,499,1133,22358,2889,754,2755,450,24,408,53,55019,454,1102,26736,51,18,77,301,517,1049.0,354,934,73690,3528,235,319,15682,4534,75,130,1599,7161,370,59040,12678,28315,1333,95,55,60,9622,143,91,333,657,1194,1167,3898,159,3200,46,109,1336,211,936,443,31374,527,430,101,290,123,55208,1771,52,80682.0,234,151,488,133,29964,194,158,6298,46,74,412,642,1152,1393,12808,13595,289,90,474,381,86527,270,197,16456,4101,52,54657,8111,340,179042,123,345,125,28,122,268,1024,432,3194,3692,382,190,568,216,8525,322,1910,58,6547,197,572,11500,41057,52,398,800,396,69,617,370,2081,361,42,3681,3897,334,698,144,206,890,136,32,188126,145,36,33,296,1998,137,196,90,3777,59,61,1809,425,75,93,90,3056,635,42,227,12824,1143,133,1182,224,148,16085,96,137,166,697,43
0.0,1337,284,46,64874,98,6231,157773,31294,31663,40,643,1210,16551,4504,1127,3119,414,60,331,57,37404,689,1218,22477,1036,160,67,344,710,2584.0,761,982,55861,615,70,581,12233,4672,71,136,516,4760,159,49990,13494,29707,445,138,46,138,3615,170,183,329,467,1003,977,1845,195,6343,71,152,1279,304,840,247,23700,126,155,170,180,157,30430,1266,42,81214.0,229,157,651,53,18592,301,339,8661,48,343,620,1454,826,1329,10012,4599,300,41,186,223,145208,390,255,8339,4985,43,38913,3266,339,205619,212,223,60,43,245,506,1169,519,29652,542,742,187,504,102,5065,384,2246,86,8964,783,1008,11870,33724,41,434,859,566,60,123,159,1849,210,69,1559,3875,276,537,111,173,1366,169,69,168719,197,31,172,353,2511,550,330,102,3133,43,47,1274,666,49,126,110,2487,530,101,421,4800,671,193,1668,663,98,10390,138,123,181,555,49
0.0,130,146,123,90856,78,8616,177695,40400,36804,47,1159,1107,17829,1319,285,2880,286,26,442,118,83239,177,1564,15912,73,120,72,139,1218,2287.0,275,779,65230,817,176,273,16492,8791,59,219,416,9909,681,48875,8978,28591,688,207,92,125,5141,162,129,268,1043,1499,1303,2700,103,5717,65,138,477,140,660,116,35826,204,200,411,361,162,55570,1784,51,91134.0,342,204,322,88,39901,236,147,6662,32,142,652,1200,932,3578,10045,17070,347,56,204,585,72482,272,205,5751,2744,129,39667,4014,391,153569,149,152,52,42,156,266,601,316,1529,630,725,291,404,145,5569,225,876,65,7720,853,1043,6619,33291,59,612,991,526,101,567,681,2890,106,182,1682,3676,375,1182,124,163,531,235,79,127198,250,61,37,506,4771,431,261,145,3142,66,48,1762,356,51,190,67,3637,711,58,499,10264,766,144,815,563,87,9677,156,190,199,582,69
0.0,284,215,87,87432,108,9683,316257,27818,32052,84,718,1776,17372,920,321,2260,368,97,315,54,90102,357,1048,14667,315,215,69,153,354,1675.0,1102,1086,50720,525,313,334,11698,7403,60,228,3507,14393,840,48871,7239,28105,3843,180,79,100,10885,359,134,323,1189,1756,483,1766,221,2744,80,159,711,180,1016,255,29388,1209,1149,448,196,97,39596,2342,49,33049.0,121,186,403,143,26613,163,246,6759,49,803,742,857,925,2600,10066,4096,426,159,131,335,72705,336,360,16069,1486,94,51219,4153,296,96837,205,319,80,69,208,354,847,397,972,1049,389,306,502,93,9786,205,904,39,10728,218,805,6998,58497,167,571,1540,447,336,699,840,2979,201,83,1478,2703,733,1515,84,237,877,207,94,101905,271,44,58,775,2551,562,141,107,3261,93,28,11566,491,49,181,108,3190,869,56,236,17062,1548,191,1126,398,132,13320,231,262,200,855,41
0.0,386,266,118,92567,128,13806,209996,27144,40106,49,712,2629,19940,2800,347,2497,489,158,516,86,70723,631,2344,16567,82,230,94,262,2664,1789.0,185,949,47975,475,348,592,15022,7328,45,421,352,8918,1777,60948,15462,31373,531,213,111,216,3467,180,167,567,411,1362,1170,1659,263,3978,136,171,938,76,1815,244,35255,195,198,140,216,203,41146,1966,45,60040.0,182,215,598,107,32269,244,539,6542,85,186,686,726,834,2328,13177,13940,377,107,242,601,88236,429,457,4969,3557,78,52217,4759,691,133155,163,248,59,59,197,318,601,321,1479,3244,799,252,350,127,9382,255,840,45,8060,366,1030,8016,72787,111,688,944,689,121,454,1777,2758,131,273,2556,3439,424,1052,232,390,814,88,80,99732,382,88,95,587,2723,506,321,90,3986,52,56,1466,474,52,122,78,1503,946,46,652,4101,1018,218,1567,491,63,17905,148,137,339,782,69
0.0,932,417,112,93978,128,9300,22193,33058,31866,75,997,613,19257,3171,411,3070,545,85,397,141,97130,629,2474,28232,94,201,159,363,1290,1898.0,893,734,60525,337,205,148,12184,11900,60,378,2606,18585,848,65461,19282,29977,5609,277,107,161,16237,80,203,249,1809,2148,496,2162,873,3324,61,75,13839,175,888,932,30720,1668,2425,243,609,132,55814,3796,84,67343.0,324,348,531,118,26888,371,71,5673,74,124,755,1300,1007,2670,5456,3417,449,112,410,663,94825,373,128,22360,4419,145,41685,6465,572,144769,169,283,97,67,230,331,929,535,1562,549,859,425,688,236,7911,117,1033,408,27736,275,3078,10236,23999,124,772,2223,427,144,223,1348,3256,142,543,3020,3082,956,1024,171,239,1246,137,117,143475,418,71,102,2186,1964,232,451,195,4135,58,95,24113,587,104,159,273,3282,1016,100,757,26246,1185,185,1270,240,174,16860,117,155,128,831,53
0.0,151,1026,80,105582,50,15608,11710,29912,37353,49,467,2847,20054,2968,243,3681,369,49,285,79,92430,424,1827,17457,84,114,84,161,1877,2411.0,841,894,77237,729,450,467,14720,10774,67,285,793,11248,2090,59316,18730,28178,979,193,104,74,8186,152,196,333,1019,1712,860,2573,427,10925,131,161,2430,163,1084,118,34857,333,368,272,2237,341,50162,6874,66,93955.0,459,206,406,101,27376,287,202,6777,60,175,715,1152,1086,3011,11896,8985,263,108,272,542,82087,366,390,9585,2764,98,48956,4476,248,130535,171,276,62,72,156,264,865,891,2531,580,881,281,374,64,7328,286,1587,55,8415,795,643,8179,79101,83,642,1444,1210,131,450,1869,3669,446,138,1851,3363,746,1297,119,79,855,112,74,179051,308,75,130,713,1066,488,442,123,3677,47,77,1737,431,54,101,87,2508,910,42,438,7478,1023,205,1328,528,109,10456,133,221,196,725,83
