Class,M1,M2,M3,M4,M5,M6,M7,M8,M9,M10,M11,M12,M13,M14,M15,M16,M17,M18,M19,M20,M21,M22,M23,M24,M25,M26,M27,M28,M29,M30,M31,M32,M33,M34,M35,M36,M37,M38,M39,M40,M41,M42,M43,M44,M45,M46,M47,M48,M49,M50,M51,M52,M53,M54,M55,M56,M57,M58,M59,M60,M61,M62,M63,M64,M65,M66,M67,M68,M69
0,3.061833339,10.64618937,24.40491561,6.083842057,6.7292923,0.936364234,2.293315308,0.364249572,7.85652331,1.108775698,27.64149161,5.538536164,1.09012612,44.90643568,84.67355272,122.3111211,0.607082621,1.077498802,0.920822919,0.945689023,0.695959516,28.89383021,1.215233707,3.133711921,12.95125779,2.418714294,1.257486657,1.460203686,1.956457303,9.17656376,760.9178423,10.72486728,2.285447517,0.364249572,0.728887678,53.13779608,250.2418845,15.1933839,2.810938233,16.5530547,0.607082621,0.548996955,21.96259795,8.932565113,103.9602276,2.155968935,2.223670789,0.884592228,0.364249572,4.359630282,8.651170177,11.63374281,2.314878882,36.17678186,1.742278555,1.561610767,1.651070462,0.364249572,0.364249572,96.60607732,7.82213815,0.364249572,0.607082621,0.607082621,0.364249572,1.121985816,0.879152768,3.209670098,4.109997908
0,0.405511375,5.977405231,33.2601435,0.471331568,1.838273548,0.795640128,0.613964329,0.3940163,5.365016029,1.475826811,15.34253962,5.6702555,2.572316163,58.2210778,15.44532503,70.97735971,0.29015847,5.956191289,0.860790055,0.978488893,0.125675013,2.825442396,0.254567306,5.131830231,6.738694189,0.350348422,0.393446574,0.241832238,0.476358569,8.132312785,229.4104528,4.652522489,0.933078322,0.187507119,0.779721293,25.77306299,25.49362879,6.684938797,2.925814839,2.747758481,1.038243173,1.290833192,9.854663701,5.18474779,3.106585778,1.63320544,0.453904633,0.184088759,0.125675013,4.618137806,10.68428635,7.018463524,0.925839441,11.49483992,1.270591137,1.297334779,5.86982742,0.334194994,0.341199282,25.09448495,2.290301434,0.125675013,0.822216204,0.348739782,0.275513142,0.724491314,1.090993165,1.484841899,1.826476853
0,4.823704822,8.238052274,24.55348507,1.047714907,5.833100769,2.28836403,0.812559952,0.847734195,7.426773503,2.120063431,35.40462253,5.460684737,1.656450604,51.09903194,60.49509716,254.4692831,0.302824608,2.627527591,0.791653407,0.955644579,0.557022572,1.81158998,1.079627962,4.550289143,16.21282185,1.546909626,1.443192197,0.530700125,2.42830394,9.323620257,488.1948477,6.787464167,10.93651071,0.363971884,0.548461953,113.2678757,195.628016,30.37971405,6.323734869,14.40239658,1.187654817,0.410851463,33.75690725,4.620462922,6.057016273,0.317383483,1.951122241,0.459070458,0.363971884,11.21790465,1.141707006,27.74368408,5.138758885,39.25824037,0.533320722,4.035137897,3.339456596,0.449345129,0.569019085,34.94153382,6.786415928,0.363971884,0.551257257,1.507542427,0.363971884,7.844263813,0.363971884,1.094769192,1.179909495
0,0.173700607,7.046519491,49.01822805,0.851716611,1.13530717,4.796749223,0.769007329,2.447955713,10.54020844,4.030382143,21.23227291,8.029664929,3.673670575,31.69391309,20.73976915,82.91319186,0.359546361,4.444011925,1.605938544,1.297946523,0.352403792,2.51682453,0.582577941,7.81897304,13.81206088,1.169769371,0.503259296,0.534386445,1.256591882,17.15503329,214.3048337,5.160714528,0.337340476,0.279366161,2.228537105,30.46547461,26.48887017,8.359668291,4.776655537,1.529510277,0.867113432,1.849925365,16.84523478,1.85528924,6.619049244,0.623182195,1.389910573,0.446619002,0.104220364,13.12387297,8.526309706,17.33023467,2.734658987,22.45123429,0.540750835,0.298098034,4.991627408,0.599697873,0.957076451,44.62413073,2.870895848,0.228339871,0.867502522,0.580132237,0.760197235,3.101625839,0.104220364,1.827969609,1.849147187
0,2.164914293,3.278445789,22.88539263,1.255505616,6.080180487,2.172708351,0.77242683,0.776960629,7.755138883,2.871473689,33.2441545,6.613029174,2.203018577,46.90983849,44.86259919,196.9784696,0.519960473,3.173862772,1.529978725,0.98867374,0.782767966,8.496797013,1.505985252,5.036897398,20.72475743,1.723913233,0.550780115,1.171401105,1.848770989,9.690001104,310.7197085,8.342851627,1.11429562,0.378597652,0.912108579,27.13264496,50.31818524,7.294729091,4.39182446,10.66308673,1.802057582,1.006452343,34.70592248,5.873969064,45.39631388,2.768826452,2.586404736,0.624696314,0.459900377,5.678913842,4.961554835,36.45393107,6.86676907,49.45824082,4.22004953,0.635801574,5.659148517,0.848686341,0.384048399,166.689282,3.369019877,0.305292752,0.486593753,0.724847416,0.410385184,3.764682951,0.191030839,0.365556614,0.191030839
0,2.673573591,29.63042767,77.72202918,3.89037562,1.89888934,5.906997048,1.345678947,2.695389003,10.60928539,17.05455402,53.84932897,8.996486211,3.599898666,243.3913505,122.1460331,503.1563534,1.269325005,20.74906518,3.312030078,2.259555011,0.741012636,7.019464498,1.057573234,20.29935943,39.02148829,1.210162556,1.402825841,1.400098915,1.98152707,32.10529131,781.3341568,15.3541375,2.441666276,0.741012636,1.623114078,104.0221682,245.7889117,28.66106458,28.57368437,31.46434502,12.71565827,2.907022211,114.3051709,17.82307304,88.06881825,0.444607582,2.414634135,0.741012636,0.741012636,39.81786939,4.539621251,74.33969182,8.494376048,56.29561917,0.94885186,0.856136359,16.04962232,1.459261364,1.659749743,51.64703942,10.87320445,0.741012636,2.198139883,2.511736431,0.741012636,5.905692866,0.820567753,0.741012636,0.741012636
0,0.721659857,23.67537696,63.04176517,1.662194798,7.110569736,6.846484389,2.35837903,2.9784952,19.46023754,8.891351772,53.0290374,15.8782212,6.313110926,111.9308342,69.82967356,290.9973843,0.916853374,15.20787141,2.578779063,3.939841214,0.84751303,25.40951349,1.188025251,29.20385659,38.13387032,1.967812589,0.624511613,1.441705061,3.060752762,24.74849279,675.9223199,21.12368818,1.520823022,0.826432848,2.219877747,89.47380205,134.7572629,23.69986585,18.75427569,16.47402789,3.547570418,6.057278246,62.45654343,23.44645515,45.43254704,2.848784802,2.413815424,1.792712522,0.336385887,17.60024784,10.53641331,45.9163148,13.03571561,73.97780492,3.838028419,1.88349186,17.10266583,3.236660156,0.861327277,82.72886135,8.385427397,0.795395643,3.25935499,1.79298163,1.048716642,11.69994967,0.336385887,2.172245506,2.270828996
0,2.233499933,5.108183111,7.743659075,3.376778519,1.221315693,0.961025471,0.745399253,0.374698016,2.706818467,0.987404211,17.70603,2.273267882,0.374698016,4.99307588,12.30258485,29.4571593,0.624496693,0.815442802,1.08772336,0.374698016,0.374698016,7.245560513,0.374698016,3.057635729,21.75206914,0.624496693,1.489499553,0.624496693,0.624496693,3.858390369,185.1334935,3.929533032,1.257886219,0.803952063,0.374698016,25.95767967,31.05996753,6.685411959,1.769873588,19.6673493,2.288155884,0.906269601,10.24993916,26.16371362,11.16490176,5.913334207,3.636569143,0.374698016,0.374698016,10.31618577,9.88992931,6.524241853,1.926547318,20.5464408,4.453710576,0.634988238,2.356101124,0.876393679,0.782769135,109.8961303,11.86313902,0.374698016,0.624496693,0.624496693,0.374698016,2.30584163,2.991189281,1.482205431,0.374698016
0,4.359171029,9.442700274,37.63446161,1.383850708,3.044801959,4.075656796,1.203149862,1.719451875,9.279685664,2.824307085,38.59909024,4.017350527,1.814345328,10.54439723,37.33194925,95.79491641,0.69860628,1.169040695,4.178470184,0.573830865,1.262427902,30.48426665,1.910356317,9.388524033,24.88462975,1.235801373,0.635052447,1.28978326,2.434869796,15.88826396,365.5192798,9.685643062,1.493660848,0.419513606,1.888831586,90.16462012,111.8429881,23.90581326,3.2603408,16.4804613,1.759926143,1.038143121,45.58573611,6.387451776,74.40671926,2.874887773,1.590886551,0.667655369,0.182207091,7.800164086,3.984650428,30.52012501,6.678108527,40.54170936,0.873719442,1.500706189,8.101656086,0.314173613,0.472523722,34.72585337,4.39182254,0.764249422,1.390021454,3.363348542,0.763374828,7.545851576,0.182207091,2.035131733,2.08576101
0,2.118652532,6.009384092,11.73250656,1.984841047,1.291166532,2.100013876,1.110230898,1.098977369,5.185590656,4.779760293,17.540558,3.567720132,1.098977369,5.364416254,19.81271569,37.95357908,0.659386422,2.711221129,2.082430238,1.098977369,1.098977369,4.763583346,1.098977369,3.25701725,37.06595704,1.031280363,1.744121044,0.659386422,0.659386422,5.733320977,77.47034358,4.680236903,1.851205399,1.098977369,1.098977369,47.47705321,26.38090779,4.577548457,2.064319091,41.69309136,0.659386422,1.259164311,10.76962655,22.00662619,57.26902949,1.443089163,4.625551789,1.098977369,1.098977369,5.542010996,24.99777883,9.868816777,3.598139826,40.97550309,2.663393634,0.659386422,2.792809209,1.098977369,1.098977369,281.9305993,8.517338367,1.098977369,1.275341258,0.659386422,1.098977369,2.318930168,1.098977369,3.361112387,4.080107341
0,1.092452361,17.03163454,29.96202158,0.833964806,11.67621426,9.223101081,1.563650872,2.174388476,18.99905623,2.113765412,73.07650856,10.08198674,2.454350382,10.21542818,42.19303408,129.4280328,0.552323836,1.012652613,2.691628702,0.601812051,1.248958843,6.194157166,1.78184088,5.846502451,31.97716404,3.426351961,2.500657212,1.959910084,7.80906369,14.62049797,417.0849143,20.48237712,6.460509813,0.598984153,1.315944678,26.09434078,146.8404615,6.627267425,8.754465353,34.82512248,0.571677263,1.513720797,23.14440127,3.551928308,16.13616295,0.552323836,2.870051394,1.189484612,0.331394301,5.016426005,3.033804364,23.79305038,10.51995745,96.0676731,0.48675195,1.923589269,3.611579282,0.901127384,0.331394301,97.51971037,7.829654322,0.623021287,0.88239256,0.927197069,1.018396781,9.15973849,0.331394301,2.495531647,2.439327174
0,6.061438645,6.585390567,20.20852651,2.457459954,2.1885044,1.233683237,1.659148923,0.402050278,6.735467895,1.315958805,44.68631235,4.984008228,1.00133034,54.98844866,221.9679701,95.6558021,0.487156281,2.477723288,2.072327952,0.757269739,0.603718697,1.211168421,0.780234851,3.924782648,19.46984757,1.236899639,0.98125999,0.799726249,0.587379374,12.77033906,475.8035387,9.722411983,8.556530505,0.402050278,1.902823555,31.36912058,144.2059784,8.84092479,3.262396775,22.74170057,0.572133627,1.18981151,16.55076957,11.48622263,24.5520204,4.727339331,3.205209143,0.560683235,71.8531391,15.84148856,25.73449851,10.60415649,21.00825276,84.84637483,5.105202264,1.344198817,3.575545695,0.625397248,2.617508129,117.6324492,6.529489496,0.402050278,0.780492163,0.409898299,0.784737814,8.364704277,0.402050278,3.955145485,3.679628471
0,0.619938262,9.002991421,55.81408326,0.987338474,6.110012324,9.49775175,1.240372475,5.136362086,23.92624446,9.336270231,33.91002781,21.06451025,9.695735233,84.17105128,41.551734,159.8031225,0.897373034,7.95276641,12.5709593,2.717908532,1.084544794,10.97548619,0.49634737,25.13517367,58.37080784,1.050324202,2.053830666,1.645960884,1.49588623,31.1427226,110.6478705,25.5264787,1.547365903,0.854919661,2.697673747,115.6131297,74.31036287,32.09236883,17.48682174,29.56629399,0.754043307,3.690963629,26.57104988,8.755908827,6.710707702,8.12327423,0.869302229,0.842024945,0.939429645,21.34988023,2.741416591,35.51343613,7.864685582,154.0297615,11.72685136,1.069567085,47.38044314,2.605327744,0.371962957,98.93044224,9.625806197,0.801356995,2.899525646,2.158178674,1.206945404,16.73357196,0.371962957,1.582280826,0.371962957
0,0.702578906,7.607763627,21.4142779,1.088877482,11.63261448,1.57843213,1.072987925,0.503620813,6.435426898,3.651993277,40.84793553,5.66428846,1.744933849,75.97161906,31.88893439,128.0528984,0.540765909,6.075489358,2.70492358,1.440948389,0.7852567,2.19989615,0.575306159,7.175776063,23.42495808,2.168117036,1.639698094,0.575045675,0.829278588,10.59135357,320.1815035,8.284762952,7.685492214,0.325605677,1.276217965,44.11462008,114.3095255,11.87043686,8.953478867,16.56337847,2.188486927,2.230789617,21.14139429,6.910915381,40.1187872,1.324876477,4.739933015,0.852878487,0.325605677,8.175203153,6.643866628,30.81688421,5.564522881,53.38490024,1.751862738,1.531805397,6.922428797,1.820943238,0.820734695,78.94426866,5.261579358,0.325605677,0.879968879,0.760302281,0.325605677,5.419328797,0.325605677,1.353842358,1.222610246
0,1.40063245,13.38586061,19.85484467,0.881488547,5.315679389,5.080895556,1.211827694,2.27363539,14.39228127,6.352768143,93.8334735,13.06778869,4.707805552,81.91387044,49.25604336,199.0093904,0.620556131,3.952494292,9.042198277,1.435543344,1.023668582,3.103057359,1.835980984,9.029977158,37.10174871,3.076954894,0.721553301,0.716434267,2.741404477,12.41817858,386.6483903,16.60222849,23.37318948,0.244606846,2.561777089,94.52468153,213.2615208,23.9182975,7.617123589,18.31968768,1.68157983,3.595038096,29.92126494,4.457618497,13.55059206,0.677280569,1.895564703,0.74885482,0.17294036,14.15205558,31.3349025,20.68611134,5.040542805,71.28560153,1.255639252,10.83376818,19.26790815,1.607284652,1.231612071,69.72752418,6.345343237,0.353167275,1.431761715,0.705319966,1.218376369,4.119900561,0.17294036,9.961595351,9.086240422
0,0.342212061,1.354612224,84.20670749,0.904808691,7.35098885,18.0054648,1.634769832,12.23531316,36.61148895,17.4795533,74.9191634,29.579533,19.40743917,178.0746546,108.7374719,402.2033872,1.877329741,18.05875862,6.019647046,3.851208911,2.147996667,5.896906987,1.189802895,36.63676702,73.93852051,3.861429645,1.341288768,2.352502595,3.01758033,52.90005303,743.3291307,36.06732615,17.36009848,0.965859322,2.233230285,240.9244093,216.2752852,66.39224265,64.63445899,43.74209324,2.391195372,3.016120225,96.83789156,2.097440539,69.67829975,1.596533337,4.057357457,0.966589375,0.570353436,24.12211756,2.139144782,82.48880294,29.5579052,185.0662752,5.14778197,7.615541588,54.27930452,3.101627612,0.781612348,141.4599717,8.718468248,1.345304056,6.027860135,3.453695381,1.929437231,20.99220042,0.570353436,0.81911879,0.570353436
0,1.229496095,11.38113794,98.58773807,1.397831913,3.934410665,21.28160777,2.614396915,12.93383417,49.12823524,9.452513587,13.13752785,34.53941409,19.20850257,144.7763304,224.7964464,323.5453792,0.854687384,11.05021775,5.918117617,4.11621798,2.033655713,14.8173348,1.439597415,45.88102534,85.98165886,2.359519271,0.880356569,1.945762877,2.574484226,106.5013357,323.7078864,35.35106216,7.095426134,0.343156483,2.363649501,294.9171347,295.4766071,91.31096782,81.98622116,3.361852722,1.34626194,1.577747815,145.9720513,0.705728906,42.97369091,0.40777335,1.187576192,0.697931649,0.144751047,26.869307,1.87018353,66.30914234,53.71313781,183.9465428,1.502901873,2.497052066,26.0683898,2.767910225,1.203209305,20.43560545,3.544123241,0.574796759,5.921630242,1.460248565,2.849511216,31.49848409,0.144751047,0.963655972,0.994844998
0,1.77584821,7.005531879,15.59393809,2.164849348,1.136316904,1.661651644,1.065325723,0.572509524,5.288155975,4.612136728,13.41733321,6.364779219,1.85661022,14.33701251,63.73588232,50.54373619,1.326390066,8.403065795,1.998745251,1.655850214,0.572509524,0.954182541,0.572509524,4.180998889,36.81526313,0.954182541,2.572170791,0.954182541,1.19295718,7.5978884,17.28474955,4.258860184,0.954182541,1.814168181,1.270055129,50.21076465,9.229922217,2.928806057,5.069075663,59.68083553,5.834711734,2.233092483,14.38830937,56.20287833,4.947550975,16.06385391,3.994589788,0.572509524,0.572509524,9.499994044,50.51869844,12.3668164,4.971367371,36.70839469,11.61659992,0.954182541,2.198741912,2.032637815,0.572509524,218.1787997,10.53356457,0.572509524,0.954182541,0.954182541,0.572509524,0.572509524,0.572509524,6.704010196,6.455770066
0,4.91822,11.28298,119.94458,1.42029,4.5631,24.53781,4.06239,11.50663,59.11956103,15.02455649,77.23415509,58.21912849,27.45409646,262.4965599,100.4346977,365.5909889,3.701252556,34.30745431,10.95788163,6.677799693,4.870344839,10.25136847,1.927309765,65.08881995,100.0495624,4.883637018,0.662750344,1.649582057,2.040293295,129.6012887,472.2146607,48.81457326,10.80288129,0.512875383,14.06858966,352.364594,399.7930633,97.0610748,61.65470642,2.876123591,3.636199727,9.366987924,75.62602661,0.612285118,65.13782078,1.695316168,2.24001393,2.163583896,0.352017477,20.98502905,5.612679293,94.7877741,30.51546572,170.4555922,4.578592754,5.913443025,96.3922416,10.127402,1.388694865,71.96594602,6.542456014,1.611395201,9.998704407,4.765584437,2.658098047,13.38702751,0.352017477,1.074132048,1.301112916
0,0.55519,3.93744,7.576,1.28683,1.92177,2.10236,0.57976,0.43186,3.591274934,1.91478164,24.4800478,2.807258495,0.630792435,4.296402875,25.23241868,30.38406304,0.281744638,0.604240821,2.087389675,0.297206784,0.332188198,1.47652222,0.390881241,1.916269251,12.58708821,0.499792448,0.602392576,0.383758737,1.011801344,2.935463575,93.16195251,4.635127549,0.38727491,0.169046783,0.631694018,16.81046288,24.40643356,3.692838241,2.248502529,43.5234609,0.593872618,1.185806833,4.794662632,9.737906117,4.132224639,0.602933526,1.768544903,0.57169368,0.169046783,6.604860662,27.225052,6.110928503,2.003362154,25.34944413,0.940486142,0.281744638,1.812181512,0.561821348,0.481445238,80.18096275,5.376183565,0.169046783,0.590311366,0.281744638,0.169046783,1.217542549,0.169046783,1.645478845,1.539678098
0,0.47683676,41.40818585,92.15212953,1.4678821,6.057072574,15.1521282,2.076558341,7.704408624,27.66732836,27.04308053,85.97214519,22.26917636,9.774599914,96.02225848,84.09019715,326.6830094,1.180188282,8.942938472,19.2682191,3.253770719,1.614255068,15.85458003,2.017247876,43.90254731,83.02510024,3.153766492,1.225103675,1.429472173,5.857271743,54.09405066,524.1331527,40.86387219,4.143358484,0.677883318,5.040074579,231.8340877,93.36616008,64.04588989,14.75827073,32.77612556,2.500659308,7.761296841,104.1794198,40.33755237,29.4837373,2.297052088,5.601136351,0.920523329,0.259526538,23.76598702,22.94878986,62.07383424,33.01717381,160.641183,1.815509247,1.625881857,97.53671694,5.89284418,2.224107829,160.0854501,13.92487911,1.916966822,7.43200957,2.009496684,3.476409885,9.602135879,1.170776119,4.247584342,4.632237275
0,1.804070467,7.340881345,131.2986059,1.062425292,5.579952603,24.1827222,3.976920643,12.73163448,46.38189021,20.66993703,6.813336228,37.84121208,19.87389017,160.3430241,151.703387,268.9698976,2.905294357,24.35538561,18.23720702,6.503462185,1.586978477,3.293891592,2.370221154,45.37808104,110.9272186,4.152575987,0.906877015,1.54747211,4.068158474,91.55282019,269.6115222,28.53675492,12.02750105,0.586193412,6.497832206,113.6778333,171.6637858,31.81005688,43.95820034,0.4019805,2.089976885,4.747745195,50.4980161,0.811521257,77.00160867,3.265194785,1.395333992,1.406561779,0.309101932,19.05969869,12.57180742,74.98327729,29.09312553,107.9841873,2.240088211,5.759951074,34.48600198,4.39234875,0.751586109,29.85400915,4.328520874,0.479352497,7.727612645,1.557155674,1.998835568,14.13845363,0.201070678,2.213192997,2.300698956
0,2.966415001,8.35517863,28.21655011,3.121967853,3.739829678,4.744140816,1.639276404,1.803897029,8.580619683,3.598947451,61.95905998,4.342578549,1.732608116,17.54768868,41.08991245,147.7774209,0.46938626,0.980941349,9.498897561,0.796194692,0.936560867,16.17395795,1.440817505,12.98217562,72.63625196,7.137959134,0.625381442,2.095024144,2.772010797,21.06487873,286.6567026,26.2142679,3.12867653,0.27645649,1.477530927,38.52985163,63.15644833,10.13504238,4.203539364,58.45447635,1.397469128,1.137010253,46.36617672,7.520206308,64.60250008,3.798733341,2.281613844,0.701904598,0.27645649,10.73646425,6.157902446,57.18373487,12.18811885,123.831202,3.145558807,1.957680559,4.342357383,2.415345064,0.27645649,167.6367282,9.139651567,0.461571756,1.065868783,1.005711851,1.110175543,6.988082856,0.27645649,2.543989484,2.781004848
0,2.129719659,13.95450232,24.7187723,3.184940183,4.702469394,3.349186401,1.722789732,1.181287529,4.839309741,4.827780375,86.656229,3.925843721,1.181287529,11.50744158,54.13283176,88.2079683,0.708772517,1.837894388,3.505872379,1.181287529,1.181287529,2.74984836,1.181287529,4.408376051,74.78551788,1.872671493,2.653455298,0.708772517,1.440225755,9.189849954,154.0595503,7.336457073,1.7186316,2.041453855,1.516773187,52.67729652,31.88814806,14.78178161,7.386732671,78.82703327,1.848856737,3.164527535,14.32476509,41.47680068,23.56281157,9.155261855,5.959170318,1.181287529,1.475380872,15.5432868,30.52276868,18.59630079,7.711066974,54.67773607,11.94026533,0.708772517,2.843217327,2.72811267,1.614489291,285.5776776,17.36738375,1.181287529,0.963552611,1.219655747,1.181287529,6.941245518,10.15718269,4.242050767,4.850839107
0,2.331245242,25.22666598,60.75823284,3.394915852,4.20130829,7.246832513,3.104186598,3.059052234,23.42657964,8.548965063,117.9704051,19.22539433,8.137467565,93.01589806,91.05458243,378.1631265,2.848876136,14.90417867,10.90087127,5.394847807,1.273231799,19.88088795,1.746589203,33.95284798,88.66504376,2.072614268,0.790158825,1.296721346,2.903111162,43.99825703,894.3461541,29.02397866,16.13239909,0.904286045,4.584151002,32.71319025,254.0928183,8.581678253,13.23519106,57.01736885,1.303362369,2.52666351,40.58661563,6.156351844,89.72994419,6.633644669,0.768636989,0.935523452,0.461182193,18.53903224,8.540971239,88.32622858,18.96528757,127.7742776,5.155524994,5.535539121,16.79896108,1.983083431,1.605159997,45.24947506,8.273485566,2.384127467,2.75553286,1.57527539,2.246879646,10.80076399,0.461182193,8.045846036,7.596224143
0,1.827467635,24.91342636,38.75364374,2.7658894,3.584578116,5.878389195,1.157745856,1.866912401,12.93536563,4.233038885,92.01470889,8.186047904,2.518730172,33.82780369,43.12823619,177.9346419,1.338044806,2.522646674,5.338051845,1.768020735,0.945695268,17.30660107,0.874219114,23.86590205,52.78772795,2.24709281,1.030459554,0.524531468,1.890551286,25.12505732,569.7129303,22.85418575,6.942278887,1.602408666,1.926778926,66.60332732,193.1226953,18.3865764,7.154888976,26.41358636,1.107530711,1.211457879,39.24166782,23.77610226,29.74596975,6.129185174,6.136039052,0.928071011,0.874219114,22.85194775,4.323677923,28.85482575,10.60420791,87.61521869,5.791526784,3.375604779,11.07306911,1.284752409,0.884849618,203.6769678,9.192588823,0.944436393,1.771797362,2.038818848,0.91394363,6.171707192,0.874219114,3.250136852,3.075153154
0,4.001870928,16.83479928,72.12013728,6.777585605,3.09264881,13.36647594,2.368359936,5.436720583,24.70918026,4.615873059,23.1398877,14.03228842,5.341019939,40.74247015,152.8335324,243.6979938,1.776929957,3.500531554,7.655325511,1.736207683,1.31967888,19.69057249,1.311362824,30.94391222,60.20718912,3.378562734,1.322780901,1.75666782,2.082710014,76.68122997,540.1537066,28.21089983,1.799568109,0.890081989,2.168708593,40.26733295,299.3541223,10.89957734,18.92166732,4.358141325,2.546099132,2.893327469,78.36787132,8.289589779,54.24596301,1.394589384,2.304207505,1.647701087,0.247501665,12.10738547,4.419587739,47.48032349,11.88588798,83.26391627,3.86544801,1.234868309,22.68705866,2.179796667,0.247501665,114.281617,6.642086693,1.650143103,1.475175926,5.542255293,1.176127914,9.529474122,0.247501665,2.299851475,2.197880789
0,2.364979261,9.071531043,16.35317772,2.120198168,3.327559808,4.012496697,1.645604205,1.634912617,19.00986851,6.352378862,35.32050496,11.1943177,4.010470923,18.02005255,35.78699583,136.263501,1.610490779,1.957235858,16.331682,1.037196577,1.632324127,5.776721257,0.948062496,9.981891624,93.80169052,1.344101424,1.23966149,1.418717453,2.874911736,8.695524775,125.6510308,7.8625938,1.832763266,1.461708891,1.495921973,79.16119266,102.3247994,22.386272,0.422036368,31.93115903,2.052222177,1.522031956,26.09051333,28.55295486,5.201063651,10.71837322,3.042375767,0.993417338,0.703393946,12.14271783,3.234036549,47.3217562,9.47015846,69.22701928,8.767664858,1.203535177,33.5450261,1.432110074,0.703393946,298.9551444,10.78533632,1.057454323,1.709641189,2.750439143,0.889427577,7.789215744,0.703393946,1.82623577,1.84964472
0,1.067566202,10.61242207,67.04362788,1.144525567,2.882970989,12.06667968,2.088355744,5.526897567,26.5535942,17.3912486,32.02038768,13.92304671,6.507443502,37.63861733,61.10665057,240.8154572,3.708552906,9.194880213,9.64128373,3.493092816,1.941950025,32.83015961,1.939075482,46.2695644,88.28029684,2.64301195,0.408315817,1.791559143,5.769992472,63.26099015,547.4355488,23.20965099,13.03023968,0.885490013,2.124352867,184.7503637,219.9470564,50.72164408,17.23020884,7.336749259,3.090199433,1.391409643,94.67955299,3.15134881,62.66092923,6.202415254,3.275411487,1.168959186,0.24498949,19.73746394,9.238521008,59.17234422,28.85773669,108.2598104,4.705300813,10.17627545,19.89791573,0.625147848,0.893264346,85.4226741,5.220562708,3.893046325,6.547621779,6.215938674,1.951553613,20.5387429,1.782282208,4.733980916,4.711637874
0,8.550128353,12.6345211,38.32438185,4.608563513,4.864963883,11.17673105,2.12095613,3.799758955,23.83782479,12.38974626,29.6885312,15.56402628,5.355024582,38.7471167,53.6166774,127.4352,0.808804557,7.758059445,5.994939607,2.522867224,1.11387884,30.16619986,0.815319963,12.94968788,65.60783415,1.689023069,1.566507895,1.323010582,2.920690221,13.44677499,732.5391804,18.52074286,1.845009543,1.077469221,0.856328692,28.40026945,165.8203924,7.419386111,9.239228303,54.89408014,3.606085332,3.30062779,52.70388186,24.65633858,45.81748147,6.039397668,3.905155221,1.168557145,0.79845656,13.67277014,24.32596919,35.95073019,10.44789991,61.06608548,6.489216156,2.91647437,6.58362566,1.726199207,1.324288113,121.1147457,10.32308518,0.79845656,3.769864742,1.563697328,0.79845656,3.015227477,8.613493866,5.323725084,5.126474376
0,1.809573526,8.692840532,15.24592313,4.942513528,3.446299723,3.700378726,1.253438886,0.821517726,9.009354881,4.546870591,30.27693723,6.678084738,1.082563199,23.70019492,61.68848902,75.17268381,0.492910636,1.455072197,6.245112035,0.821517726,0.821517726,3.722329679,0.821517726,2.283950722,32.88331723,1.253307444,2.320360388,0.492910636,1.782890631,4.141106556,219.8665353,3.056177385,1.063241102,1.001725855,1.026699994,41.53462182,60.67401321,5.348803335,2.574045062,82.40414289,2.259765241,1.73557121,7.419159449,44.262455,38.9901514,4.212742901,5.914664745,0.821517726,0.821517726,13.21762873,35.65281779,10.41842209,2.88490737,28.00718233,5.396517085,0.750538595,4.494687785,0.821517726,0.821517726,247.6614374,15.8245345,0.821517726,0.492910636,0.492910636,0.821517726,3.338253712,3.191694949,3.933426874,3.638994921
0,3.324792158,31.08716984,51.38290643,3.434290642,1.913527275,7.263601192,1.45385374,2.728162981,11.05345927,9.692541683,54.8947264,8.519422247,3.177601985,49.87474364,65.28965408,170.7630508,1.28779021,4.602622959,6.908694045,2.298312651,0.722689994,38.43341763,1.249988472,17.31038973,35.37191705,3.217824795,0.337134277,2.478077248,2.599295921,33.86534997,455.5819235,19.34436534,10.00260397,0.761207049,3.155647264,34.24567837,130.5809589,9.497590362,9.414833719,11.59919091,4.823985974,4.730004361,53.45341821,18.92970173,67.66522094,0.960945489,3.073660962,1.822241856,0.343902274,8.557609155,29.70748894,43.93772483,13.54149593,85.513859,1.281572457,6.18523371,11.83089851,2.16047662,0.423247406,93.53310978,7.441384911,1.986324509,2.201469771,2.751878482,2.836616003,7.861165783,0.343902274,12.53014812,11.06732541
0,3.285269342,12.51262606,55.14208956,1.827092639,1.756841488,7.386542817,2.509563313,3.380842073,19.72412535,8.085288558,18.04216648,11.31515342,5.108076791,102.1520565,89.62021196,323.4986312,3.360108677,8.635957165,6.742941849,3.179697834,1.036410086,11.42977144,1.057273336,39.87140242,52.50055104,1.290534861,0.689655943,0.928241493,1.451554136,60.32643408,362.9086615,16.5833405,8.347464297,0.603649142,1.688062018,111.8571037,177.6519168,30.21708491,39.20486054,8.134460036,2.050744949,1.128433468,168.0765074,1.946385414,10.25052167,2.858698118,1.680530471,1.065887002,0.223176178,21.25627569,8.2824506,56.98879019,20.42832497,75.18630564,1.331741945,6.478818297,18.61703126,1.059697282,1.160550753,64.99789759,5.460241528,1.690442679,2.88523167,3.366081973,2.384340528,8.767412954,0.162317818,5.634029805,5.042067545
0,6.95004261,9.219884076,17.6107107,1.514821758,2.132098193,7.528115644,1.605332019,2.18234231,11.55886286,4.128047226,58.77823702,8.077966953,2.236424109,92.81316513,115.1083279,354.6405738,0.657070248,3.537516485,3.51815095,1.161636906,1.122315423,6.915680593,1.15531949,10.4347762,46.81541381,7.059032787,1.366510098,1.148175497,3.411935713,24.4495786,494.911994,17.11759804,10.83909079,0.410277756,1.618852468,63.97144772,302.8514647,17.76374566,12.07618244,93.50335753,3.624838517,1.382156034,51.44436714,40.65487101,197.7353396,0.500847058,4.580126199,1.15903909,0.850784641,35.28028554,18.87590598,48.85464009,10.04663892,99.17320837,1.255276353,4.291886739,5.550882692,2.069278286,5.69258173,133.9626839,12.28294495,0.680214424,1.080809413,1.535663325,1.273697228,6.927370764,4.052179199,4.749456549,4.608229841
0,2.992790857,17.0035132,36.40772911,1.373484721,6.754996751,10.43123504,1.459152785,4.473809966,14.05375606,10.96700991,104.7954065,9.728617132,4.099186916,48.98126484,58.61832298,205.1249907,1.819098439,3.814924703,3.442997502,1.776963331,1.971363938,18.07965585,0.957625179,23.77548381,80.77110587,5.443516538,2.661101685,3.388381614,5.59118911,41.25126966,737.0674557,35.08336874,8.433212162,0.609061995,2.632345971,125.6426999,397.4033662,35.8932215,29.13992213,16.74900516,3.28843554,1.698484195,82.52600319,8.985461652,54.60730028,7.381032605,4.039878256,1.199752283,0.374423357,12.96503279,2.676777543,74.62986389,18.06477876,122.3767298,4.973140955,6.50458241,21.39175494,1.194660125,1.32665684,200.5744988,11.12127233,1.150228554,2.670786769,1.986540565,1.76188655,13.27056225,0.555045185,1.130658693,0.374423357
0,1.573651129,28.44909141,71.46349808,7.528698105,7.670058148,5.872438106,4.010070571,2.051634343,27.30985449,7.449342557,28.11827318,21.26141803,6.721427642,61.35319305,40.89100787,175.0994192,2.423788897,13.70037807,5.412699013,4.492136386,1.348661566,26.13699991,2.072685252,23.25283401,40.31861451,1.600762148,1.597763988,1.774846786,3.421793352,32.75534189,533.1224978,22.92782074,20.78196763,0.789983201,2.776614889,102.2714395,193.6453976,28.23086365,17.32247401,12.83123069,2.14196188,3.653161979,65.265345,8.375199806,71.15296527,4.143074041,0.398691457,1.653198048,0.239214874,18.61793419,5.751618646,44.24263152,19.77841339,88.64773778,3.104498743,13.08333128,17.87783526,1.879463424,0.445258619,110.1037172,8.509670461,2.36873758,3.411778223,4.08451424,1.025115475,7.202090063,0.239214874,2.809084321,2.663450306
0,1.438347325,6.464508216,19.14175633,4.4685424,8.940997106,1.45261573,1.438347325,0.863008395,3.458707511,2.048666861,42.90808698,1.937971651,0.863008395,6.306405078,17.64495457,53.83630475,1.438347325,1.438347325,1.438347325,0.863008395,1.210282973,8.87425779,1.596220327,5.699537575,50.87054764,1.438347325,3.991241224,1.438347325,3.264703224,8.706719093,389.454286,9.672367953,2.598000472,2.480171059,0.863008395,18.07968067,20.92645769,5.388854553,7.813793074,58.38010148,3.232484244,2.512620174,10.91325896,18.60024733,11.10289067,6.413648255,8.045769731,1.657666525,0.863008395,6.383040223,12.7101575,10.96227783,5.279540156,32.73011118,13.37225754,2.546910375,4.6775055,1.630970798,0.863008395,285.0528235,11.22900496,0.863008395,1.438347325,1.438347325,0.863008395,2.423787844,2.476028619,4.26901486,4.660475467
0,1.641576134,15.0961457,125.8105895,1.104303365,3.927489219,10.60255381,3.594777513,5.59594339,36.69453661,8.859929058,0.431744475,24.44215126,12.39051926,114.8551974,61.46997553,230.1641537,7.041725821,16.06836271,6.947460704,5.084780715,1.166506823,7.429889478,1.55905416,50.42594995,48.67324593,2.32994187,1.136237033,1.338174288,4.24260221,74.12649137,268.2719951,21.63326836,11.47023446,0.67777451,4.576433834,95.58118077,88.51878446,27.50826338,49.33287777,0.266732523,1.480115924,2.608769511,50.57384315,0.937307559,15.25565405,1.806460094,1.83007437,1.780605982,67.34481056,16.70716406,20.17823861,39.62731446,34.15312218,73.6686368,1.308064487,4.144881345,30.30613908,2.102598471,0.753576975,14.54572189,5.172486311,2.815858389,4.495383752,0.423969042,6.402892468,20.03776886,4.441019722,8.354493964,7.912542235
0,3.432606855,29.1780927,42.04494348,2.852684118,5.711753565,5.240381401,1.053786736,1.782077495,11.42039234,8.102098422,42.45023009,7.839002152,3.001934666,16.7543733,192.0010438,142.0434852,0.660907381,8.623047724,3.186693866,2.521633426,0.71738898,16.31176106,1.436594923,13.02606866,40.03055426,2.586784534,0.891817446,1.255417736,8.077595375,18.81782052,398.2496228,11.04236017,4.461890544,0.612420421,2.249348514,22.75201304,73.7913396,2.969488895,8.217345801,54.77733897,1.031619785,3.864576875,22.81290726,15.15710691,69.45455995,2.326803059,2.120136474,1.059185712,2.786442832,15.08904867,113.7067503,26.79210856,18.68891996,56.55126609,1.412611009,4.097407729,3.963731151,1.711060191,0.194674627,142.8223914,6.063984857,1.736341936,2.810271006,0.982873258,3.787329982,3.689733103,0.324457712,18.0889068,16.09190852
0,0.464933012,11.8210768,24.45894791,2.263169918,3.222047761,3.01189804,0.923542934,0.774888353,7.38933533,3.03570261,41.19108111,4.301808187,1.349421573,8.269484517,19.5152842,77.75452898,0.464933012,2.173530834,2.178118173,1.022728643,0.774888353,12.03866545,0.920815327,15.0643255,36.76095141,1.406329373,2.52440028,0.958753861,3.423146786,12.72093914,296.1204224,14.71407597,1.438192782,1.89072758,1.017521394,68.03370957,53.5410657,17.57707146,5.983129939,27.06988772,2.197831332,2.396574697,20.37956367,25.68587513,14.33927797,3.045745163,5.067025933,1.561431026,0.774888353,20.12180481,9.220427503,15.65795197,7.24886357,52.50420309,3.365991022,1.114351442,7.028547313,1.031159429,1.568250044,141.3069042,8.892618734,1.131956905,0.989005502,1.71950825,1.103812961,14.62927219,1.412404498,4.961269171,4.975775081
0,1.864829343,16.31543818,35.93217467,2.484792112,1.498780925,3.29525927,2.228818996,0.514691252,6.481952998,3.939927219,15.56453795,3.736383985,1.084969159,17.17696271,32.23312295,116.6667817,0.921365966,2.544221795,2.098842299,1.087027924,0.514691252,12.61364144,1.290433906,21.08518494,39.54544451,2.18956521,3.47643059,0.857818753,1.494388893,33.60878973,692.6924859,8.580795297,2.306640314,2.098567797,0.514691252,41.62960095,106.7730433,5.313809734,10.44027185,12.25541633,2.368952268,1.223318167,50.27929625,26.70533891,15.01869072,3.004149898,3.013482966,1.781380735,0.514691252,10.56009197,2.612847296,18.8080536,7.755916785,47.53908002,3.416314652,1.684069776,7.438592472,0.769017356,0.514691252,84.99130952,5.704700583,0.514691252,1.224416175,5.180813514,0.96171776,1.968179346,2.184898676,1.732931132,0.514691252
0,1.847636924,10.67351554,21.66904938,1.735189833,3.770159995,4.355969261,1.080466453,0.89494054,6.714136406,3.305913028,43.34619244,5.069862914,1.07064403,143.9907388,58.15204033,221.1742332,0.491121115,2.766465595,1.584238848,0.844885476,0.938709254,19.16684624,0.952932122,11.74525969,29.82959641,2.935646997,1.889991209,1.013909719,3.617323104,15.53482879,658.4970767,16.93959234,6.985156682,0.451202791,0.982870865,33.90472297,272.1883585,9.263015703,7.822577118,37.71990895,2.489944763,0.892740318,41.55191091,34.38735751,72.84410529,2.489316128,3.775031917,0.706271453,0.294672669,24.08402942,7.065229069,26.06399401,8.254527961,61.0466689,3.336401827,4.778962055,8.928739027,0.476191033,2.745249163,89.50081186,11.82187458,0.544712251,0.8367918,1.113391212,0.799780913,7.336406504,1.695507247,2.256564009,2.372154275
0,2.301729958,16.63233226,59.8436866,2.193607521,2.733358171,7.729533709,1.456422144,2.177956332,13.40933597,5.245733035,93.63532237,9.682055479,2.980474656,28.99160266,50.85516548,208.8240556,1.801035487,3.670562877,5.1905949,1.689610506,2.371944927,2.181115288,1.939598769,29.07904829,44.35661935,3.611404253,4.381184309,1.336669007,3.221560408,33.2340801,639.3882748,49.7288542,16.90400245,1.781794576,2.029916183,37.0956162,322.0463388,7.096881046,11.51611641,20.94114777,1.572729147,2.996269434,36.93953507,11.64204387,41.45167245,7.136798758,6.060169237,2.828701196,0.538458349,4.351748586,8.526452067,70.31835277,24.07296512,181.7866977,5.972580012,4.284548984,24.07698561,3.327816189,0.538458349,281.6371218,10.24248293,1.591682881,4.670803107,3.67013211,1.338104896,3.456328248,0.897430582,7.020204577,6.56316113
0,6.842768768,16.65726431,37.20644129,2.653038535,3.239879825,6.660560703,1.889148225,1.084102811,8.192210608,3.357599836,57.80345669,7.415188184,1.340296261,31.69306444,62.14795825,234.7179903,0.439691276,1.776352756,2.455353337,0.763304056,1.22257625,17.27130783,1.081288786,11.91223331,36.09583975,2.463678159,2.986500399,1.205692105,1.392238457,15.4331638,869.52186,16.1618788,10.22417056,0.732818794,0.732818794,80.92863829,276.0409972,22.26608348,12.94498018,33.85106922,1.517697035,0.732818794,106.0348929,27.34363834,37.14887105,2.778614364,4.246596971,0.732818794,0.732818794,24.7829936,4.702703388,56.86544863,16.62384777,108.9032043,3.581783762,6.695267001,7.255609564,0.732818794,0.732818794,101.3925738,12.85270363,0.732818794,1.352724868,2.76653751,0.732818794,10.69141582,1.537395204,0.808797446,0.732818794
0,3.546837353,7.278746758,30.27118842,4.103916204,3.595001323,3.694788555,2.047900088,1.135844793,5.712619423,3.526081609,33.44708337,3.991223157,1.061869192,54.58015629,85.32766242,160.6992201,0.831560262,2.185606467,2.918709994,0.498936157,1.350054716,34.61685582,1.850986618,9.475130246,34.26640307,1.750800237,6.558549046,1.188266352,2.694787446,14.72580131,1063.629705,15.19865974,3.522888417,1.592471164,0.844732176,60.56832152,236.4860258,16.40369035,6.975393574,53.14188966,3.007054956,0.891432601,51.74965821,38.75855812,30.09662729,7.241359808,3.325841898,0.843002531,0.498936157,19.87562075,21.18403093,26.23925207,8.752271542,55.6533347,6.051496861,2.850721627,6.00719133,0.7244553,2.506655253,118.1434252,13.33729525,0.498936157,0.986163946,1.747873145,0.498936157,4.312005843,3.667912527,3.775815787,3.773420893
0,3.139390025,6.668396834,29.92456514,1.817802213,6.935677787,7.271285624,1.896186201,2.75583821,26.62990419,13.09903146,47.66383655,14.29782281,4.67697524,50.79612518,66.09965832,252.7809133,0.566997983,5.583957052,15.5402973,1.889276741,1.344312258,0.4271198,1.028818627,16.58043977,75.33346096,4.37725821,2.139168885,1.058836393,5.620615577,21.50984062,321.7078076,15.52164176,14.16477732,0.622619138,1.606295959,25.11070582,224.6834782,6.698376214,10.47439623,43.5807678,3.213436407,4.301062218,56.30979767,7.028379712,50.03293692,1.608944585,4.180146664,2.440498123,0.239911813,8.640663869,5.020375413,69.56793865,12.4076632,73.76969657,2.627015163,4.643387586,11.89636314,5.626872477,0.710215739,133.4988326,9.683531732,1.810508894,2.218666064,2.449902666,0.888633357,3.122346689,0.143947088,5.582920633,5.405501049
0,2.961950614,12.54674155,53.10849674,1.688820692,8.818450847,7.447143218,2.56277668,2.322615749,16.68867125,4.175989253,67.49578817,13.29738552,3.789536359,28.78227703,41.72696145,162.8516805,1.210858378,3.447401927,14.85150681,1.718674101,1.612597039,18.09732128,1.14581693,17.5358515,64.02468817,2.182992073,1.309343852,1.578742657,4.85235876,22.61657345,477.788425,20.91964822,9.130321513,0.638924509,0.964439517,32.42921463,135.2174774,4.474523344,5.34765862,54.82860709,1.615879888,1.131454465,36.21844322,6.230642443,17.10466978,1.399314435,2.529230065,1.300213428,0.384708881,5.97478539,3.674944407,27.14444309,13.16914923,89.21706711,4.525510095,4.162550089,14.3164024,1.199265817,0.384708881,112.3604352,8.852510407,1.337863604,2.280862012,2.83381691,1.339607617,9.554014227,0.641181468,4.052266877,3.875711148
0,2.283371295,7.339919349,53.4070129,0.821248345,2.257566239,10.07319475,3.065306995,4.46728356,18.76341515,5.562281354,82.42278641,10.26635655,4.972231916,30.60129631,43.47265523,181.7561261,3.420559863,5.797143336,3.877757419,2.978210844,1.314684179,0.732451481,2.114346546,27.79999237,40.98264725,8.052093093,1.434322826,1.258037339,5.020833072,54.14492628,274.2246996,25.35966485,23.48587113,0.204412671,2.874238384,76.46208024,202.3469251,21.43958583,16.1357148,61.71525959,0.629460201,0.622461111,56.16086039,1.097646982,61.99617166,2.180151073,1.919418623,1.286458877,0.376446374,20.87445838,18.31717411,51.30254357,49.00481433,146.8403815,3.252221941,7.441013679,14.6608365,0.816636795,0.800643548,89.19326112,4.133976436,0.833872872,3.089869221,2.124125648,4.673233414,22.65333921,0.122647602,7.750837875,7.494553446
0,2.717586346,0.281823101,55.6452724,0.913242123,6.152581577,14.07559842,3.842037973,5.674068497,40.27712051,8.099235193,72.06315898,30.84055579,10.88743514,103.9627383,95.06691325,251.583798,2.751044384,6.984297913,4.315906608,4.093063446,2.144245429,4.734988833,2.171841547,46.13714716,72.84960325,2.547094642,0.603371987,1.501824033,1.616717675,78.9588968,378.031195,29.7506444,13.8085654,0.543400031,2.254178984,17.90374815,280.6749313,5.123408704,41.65056848,6.257149221,1.523738597,1.000765105,52.13145688,0.857508786,144.289099,2.869319903,3.559313038,1.723945728,0.169093861,3.387378401,5.108889177,110.916915,33.33336003,111.7648193,5.491356945,13.58337747,20.62841389,1.966989971,0.169093861,126.9621638,6.056716631,1.76385188,7.004363718,1.823463102,1.990031828,5.305849706,0.281823101,3.29246038,3.133061234
0,2.518329967,14.77524061,13.45897803,7.56138773,1.273167777,6.320329807,0.452676511,0.754460852,3.697823885,7.922804657,24.72603604,8.785907872,0.978746974,8.092648884,48.40789826,35.36200264,0.452676511,2.498653628,1.706530091,0.754460852,0.754460852,3.483315576,0.754460852,5.245253271,36.08423292,1.204964516,2.233204122,0.452676511,0.711486762,8.089751754,126.8305428,6.206496754,0.452676511,1.077370097,0.754460852,15.79080528,35.67670335,4.647961704,0.452676511,139.0776756,1.521596647,0.830510506,8.089027472,69.76517606,23.80788736,3.097514474,11.83103258,0.776551466,0.897385916,6.475084817,25.24751938,9.48628897,6.761659227,55.34797239,4.101007765,0.452676511,1.434441329,0.754460852,0.754460852,273.7937225,15.61420108,0.754460852,0.811317022,0.452676511,0.754460852,2.224150592,1.990690226,2.878177615,3.281965063
1,3.653953491,19.47161994,34.92218725,8.623171358,5.670385588,4.884394133,2.724812187,1.128056357,13.15651126,4.452697251,30.89277245,8.9271884,1.604438571,209.6465876,72.38652559,251.8936675,0.738170311,1.29174578,0.981300323,0.974767379,0.988512692,25.26487712,0.900396355,4.870805611,19.2926173,1.505137835,0.878079821,1.954552059,1.057396044,14.31707554,438.1219536,9.733562637,2.006240705,1.974255416,0.977903192,77.8762361,280.0841534,21.320077,6.774243924,21.6131187,1.63318352,0.510144464,59.4035293,29.35068429,125.1170455,2.470811358,3.737418373,0.569045479,0.195988294,4.82847214,3.499566979,41.72940947,11.75616183,66.95007163,5.118273497,1.759556772,5.810713206,0.306473428,0.294870921,105.1168843,8.89520311,0.417167617,1.054417022,2.237245575,0.549394386,5.835120282,0.326647157,1.354200717,1.408450277
1,1.635370611,15.76271996,87.31617247,2.485421142,3.490667915,5.956841015,2.164549166,2.450917245,18.09936087,9.60078037,43.10463376,14.73551616,4.664014249,201.7777862,84.47765671,331.1904941,2.676547062,4.996934072,2.518214101,2.052268926,0.734348416,7.052838739,0.948714564,19.14545626,28.76134991,1.160585595,1.00774189,1.564366726,1.808175248,37.41591083,596.2727352,13.07269927,4.690177327,1.954246494,3.419592741,71.6563226,88.31892413,19.49954893,11.83141448,12.40579028,7.705561203,2.02517909,68.8837492,34.92628364,8.087385309,7.401941175,1.969502348,0.588562326,0.267333905,14.57611386,7.364657006,43.13379098,12.53546505,55.70803727,10.96760516,2.607610559,35.63090452,1.919314863,1.018577824,99.33935447,8.80277084,0.394014532,3.025293052,2.550080302,0.926614961,6.361049881,3.657698139,2.330795211,2.26763312
1,2.7314777,9.958276013,43.6076527,0.988786424,9.560013838,4.665131032,1.665814554,2.382264841,17.58214189,12.21008232,62.48022025,20.99904513,6.948629664,259.5473714,87.98561858,291.1810531,0.649833165,10.25169352,1.665779418,2.502534045,1.234524903,2.229530331,1.051468358,10.98381429,30.54858856,1.696909571,1.316917915,0.750426425,2.306090832,15.89159187,294.6428597,12.60033358,10.98149534,0.884187704,5.321956184,166.994615,217.6843425,46.55338737,15.1493169,13.5665278,4.415492501,4.863822924,45.71958413,5.07161494,6.521907643,0.3226152,2.537915607,0.802040641,0.219597582,24.39651838,19.20885051,51.33379835,16.15823603,69.30963478,0.801232522,3.698655722,34.56817297,4.863822924,3.27073909,38.85282045,8.041628317,0.418359745,1.13210459,2.438938585,0.907342073,21.16024732,0.131758549,3.175521578,3.142318424
1,0.308956265,13.34304026,91.50090359,1.965290121,3.583088877,8.655469886,1.326674684,4.314343911,18.84322505,15.19488656,35.65212778,22.90285229,10.0954533,175.0874203,69.71134758,255.8503375,1.229880996,13.20281437,2.69364067,3.823823492,1.199654077,5.710017027,1.323533786,30.13140895,34.50272807,2.367662765,1.170068847,0.994381211,3.009115142,48.0160185,283.1274134,17.61506649,0.898465623,1.086480439,12.89774201,63.96607144,59.7948579,17.5298232,24.66094448,0.446986901,1.623236224,4.916281768,49.18247362,7.385871731,13.81849788,1.562985024,3.750806062,0.522503539,0.385148366,28.26274365,27.46475298,43.4910318,17.55116779,87.58764895,2.89121327,0.401866047,40.11493822,5.618660807,4.999768857,89.63277866,5.735785898,1.204044579,3.088177955,1.984642104,4.508708068,14.13728212,0.211081838,3.509125801,3.039274515
1,2.847406333,18.99670552,56.14831895,2.561429633,7.734958536,7.177683426,1.962164618,3.306114232,20.95518921,15.64564755,53.29655003,18.38185335,5.749890333,153.1479528,92.86440073,351.4480046,1.126274675,0.671702145,4.734498091,2.033011222,1.716087417,12.97101786,1.958938121,18.26492691,28.77889913,2.326440675,0.63384761,1.545991948,3.564779316,20.21982055,362.5019833,19.28754469,1.257970285,1.426293453,4.971259351,49.23761679,74.068965,13.22454781,10.28416384,20.63072176,2.214013159,7.360412221,64.74661538,12.94588754,62.41753897,4.616390123,6.041274824,0.992488658,0.284022624,11.79966311,17.28970683,70.64301594,20.22881839,107.786495,11.81429596,0.704103446,33.38815461,8.77448134,0.931139771,218.7952607,6.900113796,0.98962571,1.204755806,1.541583916,2.145529624,6.615636735,0.170413574,1.582346843,1.613975603
1,2.689004091,11.76692686,28.93128706,3.436293721,3.548968583,2.910789566,1.273462081,0.958248695,12.71443825,5.676692357,36.05337202,8.399824144,2.104021509,229.0606894,66.91184922,275.6235653,0.557716067,1.857241728,1.740022447,1.120243871,0.423121065,6.378983327,0.816302426,4.846578461,18.47841018,0.861434746,1.122293315,0.595452567,1.662589109,11.70611183,373.313607,5.328910633,1.882993437,1.261209971,1.154148802,22.77337636,155.7386251,6.219884104,15.00054839,59.38513274,4.11323396,2.440308526,37.62948351,21.82840449,56.39566235,0.405344366,4.971906412,0.797723772,0.167074233,10.60422385,11.24841754,40.79057255,6.276021046,29.28744477,0.923051723,0.66228226,3.457901988,1.425789229,0.70001876,60.21408825,10.82297972,0.653148869,0.860009046,1.71302325,0.903982984,2.872473875,2.924912908,3.339568878,3.141262901
1,1.071173277,10.84965721,35.04762695,1.404486679,5.105642296,2.153820337,1.589883893,0.861633311,12.92191807,5.191026366,31.78615626,9.420406278,2.336349105,162.1772405,55.85365953,199.5390339,0.767452674,6.382722174,1.333492646,2.048787413,0.524543122,21.21014879,0.817411438,9.336599853,18.56266893,1.103682329,1.209480172,1.131267217,1.471656118,13.98266932,398.5625124,10.97878507,1.891835621,0.693924847,0.98741466,31.72988692,133.3703954,8.657782154,10.72339778,15.68905992,3.327923011,2.828717827,46.520454,28.84456509,36.2319126,1.870656929,1.942129037,1.138294909,0.298796438,8.859911968,11.54085703,25.38560192,11.51547128,46.35527933,4.268868849,1.19351249,5.438860084,1.896520749,0.875927733,55.52216281,6.529730022,0.37093785,1.079252733,2.282661361,0.540271767,7.534594393,1.694056283,3.150461831,2.944411807
1,1.904771146,7.92731155,5.701702348,3.640831721,0.620624526,1.230921861,1.375006051,0.372374716,3.613921442,1.975571992,19.97914475,3.227545437,0.986048247,4.574747509,12.79131974,37.61828679,0.620624526,0.804527986,1.618390165,0.372374716,0.558661374,8.799959284,0.372374716,2.252519481,9.085843766,0.620624526,1.903182347,0.776426107,0.712576256,3.553050588,243.2707137,5.31959624,1.197755686,3.435082278,0.938880783,43.42564426,28.50463905,5.860979427,1.492974361,36.37743494,3.098852735,1.69038261,9.666549722,21.45911082,11.18792386,6.099199945,5.110272,0.372374716,0.372374716,10.55478754,19.89940691,9.317212589,2.228290299,30.17575747,6.4204352,0.627079021,4.234545968,0.830048067,0.828856467,144.1212289,11.61342404,0.372374716,0.620624526,0.620624526,0.372374716,6.104860041,2.828260441,3.971500469,4.293132923
1,4.840634891,14.04397028,17.68222322,4.521502978,3.356087352,2.602521278,1.899557515,1.215449771,16.58026467,4.704488039,48.63471625,9.251025846,2.845376863,23.17845101,36.13495097,56.85920762,0.480775227,0.221939964,2.808268502,1.167084615,1.502799881,35.48759649,1.247302595,14.16481215,14.78880079,0.863009109,0.510071302,1.005618852,1.646759019,12.76406914,292.5656277,14.0030623,1.82431099,1.302840851,1.638343055,77.59170268,91.60509851,20.67123963,3.125908977,36.96099376,1.65584968,2.512573449,30.25421664,15.83124393,31.0972334,2.684621309,4.253754606,0.771321272,0.133163978,10.93851529,8.851960036,31.52786795,10.38977317,50.06418717,1.121382737,1.197765595,11.42468809,1.113925554,1.141019985,59.20086954,6.584017692,1.025859777,1.084878052,1.862555684,1.115559033,10.86128018,0.221939964,2.498582354,2.460728274
1,0.449395006,7.074076595,9.125474921,1.704225703,0.757500223,2.21569714,1.258306018,0.748991677,6.47428406,3.020293959,6.143169819,5.247016257,1.583787841,6.052931302,11.63058244,30.38988792,0.777752958,3.061039107,1.780562935,0.748991677,0.748991677,1.033488676,0.748991677,1.979734802,13.35973459,0.449395006,1.600445416,0.449395006,0.612735111,3.151037947,44.68604186,4.525227957,1.126363644,2.403604172,0.748991677,49.98758471,21.99926371,3.321808049,1.588221872,47.82952997,0.811906978,0.842585677,9.151959266,30.95864224,9.817423392,0.786621019,5.01273166,0.748991677,0.748991677,5.035381168,35.23628351,12.12359873,2.685944075,41.29304964,2.480061242,0.449395006,1.55059253,0.748991677,0.748991677,205.1294066,9.122718631,0.748991677,0.635744136,0.449395006,0.748991677,2.245177452,0.449395006,2.367532733,2.627223127
1,1.629453551,14.5407882,27.50440156,1.040753098,11.70636313,5.573030957,1.708926229,1.406704064,28.71261225,3.461242281,55.44089343,21.03796211,3.424029482,23.15984494,40.04308091,88.40698887,0.506139264,0.470809703,3.0371369,0.682787064,1.332052478,6.445648494,1.498756778,5.19540391,18.7096763,2.768210397,2.352466597,1.923992102,5.881731464,8.423877874,338.8666023,22.50492981,5.570168434,0.620941502,1.64813528,36.94620768,99.34981165,4.841731661,5.672013989,73.51840412,0.650997993,4.066213917,12.96060018,11.48760611,10.77144805,0.470809703,3.934914507,1.51525395,0.810244667,5.3032005,17.67012847,13.88014802,10.30734268,90.45625402,0.688286122,1.162033678,4.433746804,3.247833658,0.282485822,138.5461131,8.664329805,0.89898288,0.547871836,0.638568617,1.289792599,9.589828688,0.470809703,8.708397594,8.685723398
1,1.250242071,4.465859788,5.626547788,3.717716522,1.289975959,2.372571587,0.631233941,0.891720142,6.270236775,4.633659053,18.57398805,6.07477661,2.082437793,10.73265805,12.38887348,26.64676794,0.471075808,2.760664698,1.519439163,0.9326002,0.47757077,2.292721754,0.47757077,3.147382405,13.30489243,0.286542462,1.616328721,0.42729212,0.633984749,5.222255476,14.98716412,5.862964422,0.286542462,2.161676335,0.886142116,31.91838513,3.114143479,3.346128257,3.437592611,43.86101648,0.45502943,2.818584481,4.454321678,23.70271606,2.154722904,6.444225358,1.402300604,0.524487323,0.47757077,3.882077278,18.74041191,8.341212869,2.849225421,65.63595127,13.71338736,0.286542462,1.560472043,1.412845367,0.47757077,108.2254833,7.478681852,0.47757077,0.382820729,0.671884765,0.47757077,2.522643426,8.322186449,3.884446029,3.780297395
1,5.106703897,17.96820032,45.33053473,4.374678713,17.87607315,6.031833059,2.284799002,1.977103357,16.91509155,27.32443975,79.8052676,15.77802453,3.53203286,238.6134342,130.8434885,525.0260026,1.13423059,1.8051024,5.917354849,2.40755958,1.817809594,4.860728913,1.145462843,14.94899353,54.60587926,4.306944827,2.983013972,1.060823849,2.450332905,20.58293255,696.5301318,15.7104041,12.5910147,1.075119443,3.521708264,55.36479377,253.086929,14.26802404,13.13640296,65.71832108,11.86296052,6.947318368,47.34553276,43.80998273,115.9694901,3.386127034,12.73816855,2.055729125,0.608810778,15.94106238,23.04495154,122.0965136,21.5509485,144.7536688,5.47895663,1.445103034,11.30883606,7.250929557,1.510908149,251.9516773,14.50435517,1.276165417,1.728065031,1.892804735,1.044712941,9.487395836,0.709106851,7.633279971,7.396381554
1,9.883514583,18.735247180000002,47.27292686,3.066325131,2.177318099,3.511898829,3.592099577,0.720925402,11.99851028,3.632640614,33.94229098,8.525452787,1.355103056,112.314726,111.5258125,233.2726248,0.549885032,2.935699894,1.971024653,1.193190715,0.902478743,1.7481119,0.974118029,6.243634498,17.1041629,0.869428984,0.944215866,0.873961522,0.624105347,22.69001277,497.5305,30.60262861,11.63729216,1.022465104,1.36504946,43.86729088,235.9777948,12.85786696,5.182642818,26.2541617,0.683343105,1.104491458,43.01876193,25.36540647,24.64662144,5.076820639,4.740468524,0.73496368,11.51994978,21.97059822,5.911500162,55.61053112,63.77079981,222.7814983,8.40005256,1.398917593,10.12052857,0.481456293,2.246754068,130.6268103,7.382371801,0.696688912,1.222966974,1.053311546,1.31884275,13.7539246,0.472328265,3.121848725,3.024273247
1,1.28882768,16.687541,23.61129353,1.840993817,10.4580488,2.24985127,1.177465112,0.6891384,11.00588505,5.699397923,67.11973564,8.140873073,1.160673601,33.62864437,36.22900523,139.1024619,0.881607135,0.330021837,4.852165863,1.825258375,1.373682895,2.74388076,2.168797907,8.725143733,25.08567269,3.434444854,1.580672591,0.998302857,3.612603842,9.843944163,430.7464028,10.15411189,13.616701,1.15945912,2.633732671,36.18861056,160.6932297,10.02986527,4.844086928,65.65982464,1.580302967,4.885960099,22.14620779,11.18546973,11.59939632,0.931506437,2.661348899,1.598678583,0.39127389,9.254287546,27.82226657,21.55259091,4.683458699,56.0217613,1.652802164,4.202894101,7.126359544,2.509010819,0.512985944,117.3489009,10.805707,1.808730882,0.758522191,1.16928057,1.644195195,6.116862346,3.20438003,10.23336993,9.991318715
1,0.622995851,16.76954248,25.3628572,1.722679251,7.861773219,2.816215244,1.133757603,0.929136749,12.51237489,5.573239735,40.042164,7.596088117,1.843695361,21.25082698,18.58255935,75.0277047,1.124097391,0.325344229,3.663679292,0.965845555,2.161487061,8.99681885,0.810286869,9.933683769,20.31542573,2.722833195,1.887371228,1.540189065,2.645434406,11.39606422,349.8549971,15.83900061,11.74921815,2.20978812,3.81812559,36.66103127,66.28105606,10.32102899,5.947411944,49.77930637,1.224680688,4.943686649,18.00534705,8.377277257,27.73212664,1.319175125,6.587035069,1.602014422,0.365917119,10.74514157,19.00245656,16.2915669,8.000587538,60.19752295,6.063041754,2.459489963,9.390779857,3.137695388,1.020996583,113.2039256,7.575245478,1.532812176,1.238673359,1.708920767,1.073864288,11.95670779,0.219550272,7.308506535,6.915540822
1,1.394749022,21.23035603,34.96409047,2.870681756,4.384118104,3.280405032,2.35373471,0.831305401,18.7417269,5.882829713,41.28950236,12.80024529,2.153567201,77.88556827,55.24697378,197.6325814,0.990461053,2.374339463,2.312969913,1.898651333,0.899839673,15.57160917,0.961604518,18.03676766,19.04472052,1.200115643,0.361497284,1.395934907,2.255849784,18.24138224,413.5609969,14.53929626,4.183160005,1.085974209,1.69680382,59.90374661,165.3329275,16.33240382,8.856485819,26.92606297,1.010324627,3.127129392,65.55947935,13.38834543,22.4605635,0.527471776,4.913714591,0.934724457,0.185294535,23.13439325,2.420292507,32.02571445,20.58538281,94.12344718,2.221459118,1.409869056,7.950173191,3.019905622,2.622337668,48.04519286,7.532741663,1.391043131,0.837481885,3.056569234,1.226353349,12.61450604,0.308824225,0.959529219,1.169430868
1,1.34717705,7.375115669,13.5061286,2.582089346,0.883696113,1.536358714,2.730974467,0.530217668,6.815912769,3.665571475,15.56393872,6.824679035,2.454554323,6.538361494,34.15421849,37.73297566,0.883696113,8.410383339,1.928861179,1.913732302,0.530217668,0.883696113,0.530217668,3.627395803,14.14649015,0.883696113,3.263313005,0.883696113,0.883696113,6.85493679,12.5452328,3.91130969,0.883696113,6.823972078,1.278319449,61.22472895,5.856713661,2.321787819,3.879213848,52.19278911,1.479802162,3.647049205,8.158141121,46.41779967,2.358266794,14.42955569,4.409855689,0.530217668,0.530217668,11.18335105,70.92205661,7.388972025,2.241053342,26.05758262,14.78430666,0.883696113,0.847782703,2.191566359,0.530217668,235.8845085,9.310763635,0.530217668,0.883696113,0.883696113,0.530217668,0.530217668,0.883696113,7.815973986,7.621136667
1,4.786863795,7.364227565,51.16037019,1.70953605,5.66321007,4.671236947,2.933639777,1.70690532,28.07872092,4.597827053,64.02106965,25.54000383,7.684424989,237.1868054,55.26719028,218.9658057,3.008866128,11.82657202,3.799838951,2.702699264,1.262061403,11.32253668,1.667319097,32.90673685,40.9741836,3.253649292,1.091878226,1.227674004,1.813387249,45.65682038,523.0796978,21.94623873,11.02551474,1.953630213,3.673313365,120.9684821,267.8128246,32.74970732,18.90912357,5.160678002,2.961262442,1.920871361,92.82430614,2.151811874,48.3675371,2.067628513,2.895243646,1.77987676,0.39147768,10.58875092,9.681462247,52.17695943,16.23674034,107.33297,6.934165846,3.428279655,47.05279847,1.572988635,0.694324813,76.99545423,6.863261408,1.877276406,2.116610201,5.14614635,1.147687284,12.24786464,0.234886608,2.897373285,2.975794094
1,1.121698807,10.5410656,28.74288317,4.495147959,2.81551915,4.513069838,2.254507557,1.659274095,23.53880729,7.321452674,23.91484238,15.04999962,3.900401064,11.08796676,50.79052522,47.65516945,0.506840482,0.506840482,1.733232259,1.917154533,0.525492211,2.62478494,0.714117965,4.895430298,22.13587284,0.654026958,1.398636446,0.506840482,1.800783958,10.52095417,52.53154255,8.017081098,0.506840482,1.085773954,2.050473853,14.8154744,17.74525566,3.792950882,11.19590351,87.33575132,0.506840482,8.613125505,6.57692428,24.06454279,4.197531228,1.271804684,4.888537267,1.278454431,0.304104289,11.46286652,67.93000514,13.97168636,5.178287834,42.39821998,2.365931369,0.506840482,1.097938125,2.401126372,0.304104289,235.0176334,11.05009564,1.209199748,0.997299879,0.711036375,1.473243365,2.223286184,0.304104289,11.34300889,10.39306818
1,1.243385326,19.45694183,32.97698581,2.04754146,5.039776699,5.591287749,1.354141024,2.007468828,14.86951931,17.47755437,79.35070178,13.1339688,2.987264313,22.42183698,33.12022694,125.0130522,0.922411825,0.499359942,3.224255344,2.031364152,1.344984057,17.27169703,1.352702072,23.54940848,36.76674929,2.089619905,1.425608972,0.809432292,4.987407568,16.9202003,328.2733045,18.18848386,3.277976218,1.03238264,4.056362031,52.7355407,58.19980824,14.50441795,7.546387446,49.97907557,1.610884941,8.586924147,38.43270684,54.71318398,19.90092393,2.013006613,8.166793773,1.569460566,0.282775867,16.82937191,64.22875541,32.65051813,26.95571305,96.82507302,2.766188964,0.636365613,27.1729948,5.402915853,1.625318065,175.6677812,15.67751265,2.327265005,1.689547649,1.605259947,2.099692569,5.262072978,7.785951149,21.72377085,20.64425164
1,1.551710171,20.57253193,77.9302926,1.692200847,16.83329256,4.219318457,3.638183761,1.655285675,27.26147801,11.35389639,30.9370965,22.87005327,6.084820581,156.6752649,90.42902694,217.8139341,0.805924974,5.176385213,2.589153804,2.851716538,1.635698032,3.773348885,1.553112999,16.33058637,42.37394162,2.061456483,0.9422851,1.328062938,3.197046154,22.83334593,217.7693294,21.91207728,14.99922418,0.764619468,1.611382338,35.8374882,179.7255816,9.803199372,12.17405747,2.393693033,2.401460546,2.106606778,59.858874,3.702713873,82.72271846,2.712914452,3.126073424,1.074956307,0.16236441,12.80330399,3.492523402,96.52291395,33.78668282,111.6032164,4.63354254,2.316849205,15.51512735,2.88572214,1.56597226,55.4449001,6.828007947,1.179259203,2.005551169,1.511184014,0.857855607,19.6834504,0.16236441,1.698279771,1.715295561
1,2.261063151,13.39241732,17.44619812,3.76497503,3.565146157,5.702013531,1.504458756,2.192375394,13.95570068,7.193128487,40.74266813,8.704423207,1.415645924,10.13784263,43.26409944,71.8061594,0.397962427,0.341798154,3.498591221,1.380919231,0.916565931,17.54222973,1.111910412,10.00013899,27.65699415,2.687135058,0.886706444,1.705600134,2.566439294,11.4647851,202.119905,23.45747062,2.982995541,0.953425444,2.40308712,33.28255427,44.15107933,9.248839307,2.994862773,62.92170427,1.080355606,3.962452332,15.69892595,12.10813126,48.83666718,2.893471768,2.717049233,0.597681925,0.451064188,16.00173177,62.05020101,38.29063551,11.42349588,114.3427483,3.954796053,0.9282691,3.057644258,4.390985186,0.543377034,174.0242061,12.47371857,0.922253452,0.714494862,0.4541267,1.116777618,13.8426065,0.205078893,9.213401674,8.748337434
1,1.774982664,18.19359121,26.72122039,2.997924927,4.070853745,4.84821676,1.435335289,1.611434741,16.89987648,7.263024911,71.4421638,9.061295953,2.028810856,28.11164238,55.42588466,111.4680796,0.592946286,0.452913574,2.259275059,1.02945214,0.899248938,2.92737929,0.651545287,7.711099342,21.68185746,1.538771979,1.396319696,0.283543557,1.56878979,12.20099266,212.7297253,11.05570352,1.774831441,1.634571895,2.489436815,30.29477654,38.93673047,8.093694115,10.81692204,68.35962948,0.634532674,8.6332586,13.39248049,27.51325205,16.6936836,4.214742649,6.574429933,2.397795538,1.182338825,14.6964784,61.70686591,27.18388786,13.12549588,58.48626478,8.549102872,0.469926188,3.170848691,5.209564668,0.755511258,188.9451845,11.88561661,1.284112059,0.881480209,2.031230428,1.33378889,8.440297758,13.10198066,20.15624191,19.24572684
1,1.184070309,23.17159059,45.08416858,4.342043137,3.852884148,8.95546962,2.348568834,3.683924962,15.71211941,11.42838482,69.36330516,10.37964458,2.723732354,46.95695775,69.52968792,263.4530221,2.605081241,0.28250265,2.788142958,1.713367275,1.251690143,15.06213731,1.133581435,21.39268271,45.25475498,1.64782666,0.899714441,0.930767132,2.07424746,30.5155747,378.1217067,21.02787008,12.53050676,0.480344907,3.677144899,29.57875071,185.0745828,7.902616142,10.54824216,86.76705044,2.677763523,2.413973848,32.64460507,14.23370394,72.50613585,4.650355229,0.80149392,0.880187858,0.378643952,15.23887097,11.63427275,69.65303988,22.69829695,132.4618316,7.152108301,2.981917176,16.32481116,2.430426802,1.253362559,60.37221761,8.548846605,1.68624702,1.524293901,2.042923567,1.911390333,12.59649938,0.28250265,5.561143774,5.157277985
1,1.840662289,22.67072087,26.94345617,5.341235124,3.052836578,8.785560037,1.494888556,2.174498262,18.69565715,4.823838521,64.58771057,12.58232979,1.829707638,29.95942613,33.86981528,140.7228173,1.389414927,0.586916504,2.016428263,1.155083702,0.972014627,21.50678918,0.560793875,13.05759312,18.87788356,1.245178686,0.899404952,0.913168488,1.273969756,15.35132854,472.0652027,16.55781484,7.177052087,1.715526466,1.142162831,65.1731524,172.7330103,17.94561466,5.169893143,65.79244131,1.46293749,0.890978297,40.436918,33.73175859,28.93109336,4.870746899,8.2531359,0.698359014,0.438888269,23.59652934,3.787289763,29.36401275,12.00608704,92.56729416,7.150437902,2.160172949,9.441224,0.899404952,0.777850457,212.2092896,10.50157806,0.628277335,1.044413636,2.443378772,0.72005765,11.51656862,0.602365372,2.214735539,2.259958586
1,2.110806956,23.59321564,29.38562098,13.11336209,1.311530245,7.336977113,1.487455701,2.400765541,14.30881935,5.169999388,44.05987372,7.564894113,1.664873737,16.07180536,51.51043619,132.6167979,4.814417025,0.49991487,1.315311448,0.62175917,1.003063665,10.78006118,0.592703608,11.77790081,19.28353949,1.59143879,2.364197326,0.998585924,1.056249273,20.66019599,249.6232465,12.61235266,1.094708091,2.4632549,1.306007698,24.85414741,90.54519031,3.308403577,6.685963371,13.60511753,1.459643956,3.81916453,29.00003775,40.77445588,26.23035613,1.296106916,4.90083742,1.629897607,0.186572528,5.325576,3.115661717,27.809307,8.783784879,51.76711023,4.156388156,0.578076322,7.872216382,2.539625255,0.186572528,146.008576,10.39119428,1.05525422,0.648675366,2.10493614,0.645839464,3.494030804,0.922066311,1.539795514,1.623479512
1,1.98465795,9.548027537,6.640692177,2.691794229,1.408015443,3.604674315,1.086926668,0.953633661,8.73089777,3.873565581,23.6136918,7.158468409,1.676495057,14.85965918,25.90371341,94.11243719,0.789466734,2.898032019,5.018370559,0.832443231,1.2881423,7.197493044,0.643741828,7.575636824,33.48486638,0.964830603,2.323777095,1.259326641,1.990585743,5.901200029,118.1362993,5.226831271,1.981941045,2.531249842,1.275957393,41.67131285,74.01820768,11.46393956,2.950311858,43.53132249,2.182992017,2.265240141,16.82554578,47.62503971,5.072132346,9.494512741,3.324256785,1.11994118,0.514565344,10.09000892,4.55534408,50.12352203,8.235680083,53.76960856,8.961093723,0.785679533,22.20435907,2.109059268,1.178642795,305.5635562,10.85230661,0.760239422,0.694045736,1.740795142,0.731917746,6.466645594,0.842816869,1.650149311,1.861244598
1,1.836931507,14.66309021,57.2448369,1.686133957,4.189729123,2.632657865,1.829430098,0.88434877,17.72395349,5.904522308,22.19849572,13.08111043,3.589808768,181.023082,65.11934455,264.1707641,1.806445013,14.74858704,3.202909186,2.888715567,0.966142976,23.07793972,0.968018329,33.72739157,35.20252436,1.200465827,1.07803899,1.016729399,3.223393802,43.31611537,403.0614145,14.03869411,10.43162248,1.27874976,1.622804756,75.62828924,199.5178533,20.08766662,12.11424616,14.26888156,3.813841225,2.229889919,69.89601082,20.72067011,35.66804448,6.074650411,4.394238683,1.013844242,0.440371162,10.52264919,8.483083475,50.66388948,21.81231742,68.85187242,6.507279734,4.77512752,11.32438629,1.20767872,0.647621621,93.54819299,5.672603755,1.881170584,2.337169681,5.760072104,1.074624887,8.639651339,3.645011442,2.621886611,2.822982068
1,6.516207487,16.19810854,36.72292174,4.55237633,1.945455137,12.39985581,2.090767052,4.561705694,28.44296969,9.429160095,22.33958657,17.00333161,5.463614907,33.52026411,42.09451519,117.0742616,0.874910599,4.521843865,2.980095759,2.39510222,0.650793828,12.62043873,0.44215532,6.23448896,24.6399816,0.85603984,1.288653764,0.522373716,0.917882216,10.0579027,375.9682873,9.293884315,1.020575899,2.247740672,1.233667057,34.05832812,86.84669767,3.900168962,8.581106757,36.04675487,1.1751465,4.940675775,29.49195774,29.76321607,10.74778091,3.619227882,5.716002479,1.095069458,0.441731258,14.30283407,81.17451493,36.90201726,8.826992044,41.62507855,5.385728852,1.059236218,4.316951238,2.33262375,0.441731258,94.39669765,8.402788683,0.974777202,3.743902112,1.185818728,0.643938159,1.670309571,0.265038755,7.156470442,6.816372712
1,2.176907682,9.435935803,24.31661934,6.309181031,2.427429375,3.042866229,2.012562401,2.383197235,15.11099571,4.736270856,34.20860376,14.95122617,3.021512782,37.7830183,46.54136347,74.52467474,1.429918341,9.063775723,2.807215687,2.383197235,2.383197235,1.429918341,2.383197235,3.377276465,15.25780066,1.429918341,3.986993646,1.429918341,1.429918341,4.770207585,76.79805425,3.966402822,1.429918341,2.383197235,2.383197235,143.7209018,29.67290279,3.516073872,6.079631474,90.37846537,3.923314616,4.235990093,6.298122996,54.18399102,20.84744679,3.334188259,7.384479624,2.383197235,2.383197235,14.10357058,56.62362236,11.2273375,2.156316858,31.9169213,5.054284695,1.429918341,3.377276465,2.383197235,2.383197235,399.4738084,21.23905376,2.383197235,1.429918341,1.429918341,2.383197235,3.063838365,5.448560846,11.67461596,10.12916021
1,3.681271344,19.05537963,54.44039844,3.622258369,3.615877778,2.6242501,2.401528541,1.078349791,20.3072036,4.638929116,20.17686581,12.04934121,3.375032944,221.5735324,56.77934927,213.5407282,0.602771112,5.18894802,2.250011978,2.140793039,0.866562108,33.91451732,0.804583506,6.502570862,16.31879518,1.228757989,0.514551207,1.031798439,0.840590408,15.17726856,251.1011989,9.072630874,10.81839645,0.43367048,1.727911902,10.96724694,138.8749355,3.091650839,10.48972114,19.49860601,1.878949172,2.665109846,67.54367545,13.73938895,29.05460408,0.542619815,5.813886443,0.64318152,0.187223907,3.89189075,18.34156227,39.6275425,14.01450325,47.34521149,0.914790986,5.486049893,9.897075092,2.346110264,0.187223907,65.17452916,5.190955061,0.899154046,2.325231054,2.017824377,1.081495153,3.851120872,3.606501605,6.034421227,5.854386719
1,2.33813656,7.561404683,66.07275012,1.376101494,2.66238492,4.56465639,3.086106586,1.785597233,23.89650102,4.825942853,22.41097348,16.47424537,5.776050859,205.0809889,90.76065622,224.5523342,2.993908517,12.20714345,2.8932993,3.451193634,0.717868398,7.666341177,0.657638095,34.47050265,40.4012537,0.57955777,0.529550662,0.643331032,1.007796033,50.72373229,226.7088874,11.45068114,5.255966118,0.523817019,1.83638866,57.95104406,108.0251437,15.74236741,28.54597206,3.005375804,1.989736579,1.850912087,107.9520127,1.735671261,3.966518369,1.812940222,1.818890229,1.073949297,0.158432471,14.23558212,6.213727997,44.36953003,17.30424437,54.89974501,1.594601994,3.401565163,17.20877379,1.831222972,1.122171403,50.9068032,3.979743613,1.717794194,1.970615419,2.556069105,1.854428001,12.10553355,0.101420581,3.744691274,3.234964954
1,6.684016717,11.745436,29.95397616,3.063421463,6.080994204,4.634355216,2.486845834,1.4526776,20.69879669,4.687752203,60.43588357,14.31302031,3.394091388,57.16071929,72.56991544,186.5108096,1.037467105,0.650716366,1.814770673,1.152815779,1.24501644,6.754411279,1.162432828,9.001166369,23.27840232,6.297210065,2.393694651,1.524022684,4.261135441,22.2195205,446.3248347,15.63788063,8.489058516,0.304446693,3.114302361,27.07668932,151.2419043,7.35284892,10.92015901,100.4969867,2.547399694,3.95545866,22.59928211,43.44116036,109.7024595,0.505901502,5.588903232,2.505408975,1.281471765,12.99772114,26.66695831,39.96409397,9.649702125,98.88126659,1.134588117,2.356344717,4.583362492,4.496138095,1.830258595,164.754529,11.25099668,0.77115313,1.52905486,2.058048462,1.151529778,4.889207012,17.09888927,8.935803985,7.782764553
1,3.282810367,10.96791432,19.00078381,2.611251794,16.54726892,5.228195691,1.860441647,1.961914312,21.36081687,4.833579773,72.5471536,22.624463509999998,4.794172913,95.72386047,55.81368727,119.5017409,0.684146875,1.237922722,2.255276492,0.884027227,2.661933395,24.0538379,0.746103217,9.763815816,28.05122599,4.870687899,4.114732968,3.242199409,4.72028505,9.644938455,589.6102561,36.87267054,6.662386469,0.631713859,1.366980189,53.8816565,279.2044995,16.47392837,5.633976885,58.07257606,4.230326424,2.024636897,27.87433298,27.72185032,44.97450203,6.934074876,4.779285877,1.422916037,0.410488125,10.56268044,12.51835533,39.7776129,6.990667505,77.41411974,8.9151453,3.860558721,10.79200647,3.365345846,1.946151568,262.5195255,13.01564801,0.410488125,1.283678465,1.002247807,0.410488125,11.36570468,0.410488125,3.632655714,0.410488125
1,2.58831293,19.1610599,54.01165255,9.263626646,5.427022665,6.019547104,3.553432035,2.298216658,24.27398197,8.549300023,30.49321343,13.84911293,3.883161828,34.74224344,41.70725775,170.4550036,1.471386229,2.79505351,7.5306328,2.092201483,0.978110458,16.96835678,1.191181851,10.23731873,25.47287949,1.131434812,1.282648895,1.469935418,2.550262112,17.61264879,432.0636107,13.63201884,13.30129986,1.051640202,2.414083708,27.96148213,142.2102176,7.82270745,6.73611589,16.91599569,2.347016668,4.136394309,27.69875343,13.82174536,49.86899337,3.607837451,0.594568763,1.323139714,0.247297345,7.382056555,12.17856991,36.68619841,10.96186697,63.75853118,3.742828828,3.887778045,8.819678453,2.574002657,0.247297345,113.4332478,7.691211209,1.294914844,1.557181921,3.090095729,0.589622816,3.426617956,1.967167946,3.006410308,3.194158452
1,1.248217197,6.435598779,11.42440354,3.846812849,2.769284835,0.907539527,1.891594894,0.525520881,4.702220705,1.082713154,28.05118352,2.812727894,0.999470646,3.501931012,0.525520881,27.78940405,0.875868135,2.010292544,1.337345538,0.76165493,0.525520881,4.999034898,0.821494241,3.191803623,13.03600091,0.875868135,4.902759473,0.875868135,1.70843335,4.200943854,139.8907156,6.582604487,0.900952998,3.402432392,1.139609548,51.14621464,8.832954969,2.585702874,3.729236311,34.83264511,1.74921377,3.02756083,4.251533997,15.73325435,3.684391862,4.299181224,6.778098254,1.264613448,0.525520881,5.354146875,18.4878246,5.68403385,1.579085143,20.229611,11.52516341,1.224533722,2.075737411,1.905188367,0.525520881,173.4099789,9.101180827,0.525520881,0.875868135,0.875868135,0.525520881,1.471178189,0.875868135,5.642692874,5.871399561
1,2.198648046,20.51816845,83.55679662,1.400909533,6.67502774,3.067181279,2.756008983,1.236075825,17.57039427,6.732076485,29.44735909,11.05108541,3.449177793,212.9776581,69.98418024,242.2043737,2.424424209,5.691010618,8.040834891,2.72426935,1.135458828,8.043755173,1.519313704,18.5609599,33.06609024,2.082839681,1.476659885,0.980329896,3.626341582,25.22067828,247.2444563,12.59066411,9.05384835,0.582640552,3.897042895,36.89699907,109.8062992,9.982881571,5.354558708,0.525149339,1.493149155,4.641655869,29.41320064,2.144165608,28.43552555,1.747331701,2.863852941,1.558280298,2.936742006,9.921791627,13.0936606,33.60882027,13.06047557,48.79617574,1.839836802,2.234045406,15.07128163,4.805132679,0.383353413,38.25301295,6.871099618,1.420761553,1.320616521,1.971043018,2.715891974,13.67523923,0.110616751,3.028893134,3.145733921
1,4.746888858,14.78286434,35.14829298,3.096264639,9.271912193,2.735800752,1.013804684,0.954568452,8.55272666,8.838874909,34.87932684,7.097113404,1.915805485,17.69547263,113.8615305,168.2213471,0.582689874,2.040706222,3.785892133,1.847437501,0.972892032,13.79297042,1.118219056,8.201094137,30.40759208,1.855427784,0.892088044,1.240896933,6.283846797,11.945593,405.8472522,10.76591485,5.550483018,0.690048035,1.956357672,28.79968284,73.77818649,3.177789555,3.337655289,67.50713616,0.810623206,1.818119771,25.20519703,23.98586785,63.58258559,2.712310522,2.703659388,0.723571177,1.440774158,14.81380415,89.37780192,25.65475557,13.74178455,62.69686574,1.223234202,3.715361366,4.0828543,1.431462175,0.22528993,202.8086982,6.403881271,0.965322291,1.196860261,0.731741692,1.575767884,4.747009012,0.375483216,7.794611027,7.574908287
1,0.672573344,8.735647088,16.85749829,3.532004986,2.135504553,1.1281752,0.812782079,0.478332203,9.35985148,1.39933216,29.91458984,8.142285557,2.344286993,18.83327816,0.478332203,59.21806245,0.548513104,4.422391682,2.572508854,1.379510073,0.722090293,11.07610742,0.505578005,10.41363646,13.95681528,0.812935145,1.290808149,0.720023898,1.739445489,7.726940139,192.060788,14.13574979,1.188253725,1.3398659,1.065800681,20.08842186,33.06752612,6.003949278,2.719222907,42.56919353,1.967743883,3.437563076,16.71606503,32.29607194,5.081342125,1.818427703,5.831596618,1.279098577,0.478332203,7.445298138,13.34508579,11.8323315,5.069249886,44.52017665,2.434136914,0.474429012,6.591570822,1.775263005,0.478332203,122.8533123,9.758436138,0.63193424,0.628490248,1.233178686,0.5498907,6.123111396,0.286999322,4.458591863,4.447953755
1,1.285974127,18.64017718,44.50000535,2.27155799,1.820300135,2.160800452,3.05611692,0.649355622,11.2507507,3.429211598,25.71101751,6.881444942,2.172271768,24.80059055,30.50223037,92.41339979,1.802816267,6.817363795,4.285762929,2.202809204,0.645399996,12.01648085,1.708276797,20.30019533,28.99205134,2.270450414,3.382060532,0.660273151,1.815790721,30.9387733,611.6868253,9.693420604,2.946150508,1.929554535,1.241987562,29.87811165,103.4779196,3.797401299,6.490233495,13.92989643,1.355830489,2.537534306,35.07501355,17.3261181,11.3335024,1.889681821,3.356269848,1.744431222,0.296671976,5.545471697,3.245037635,16.36585025,4.80078548,38.32107965,4.453877049,1.513185305,8.047405365,1.335103007,0.479263689,81.13385213,4.969769838,1.655904304,1.223396119,6.033516877,1.252351303,3.491314932,0.494453294,1.860489299,1.76096574
1,1.317487813,7.967564261,21.93187732,1.578997292,4.552074598,1.793672105,1.171695004,0.459298324,8.834547197,2.947525332,27.83272656,8.330899311,1.532927274,114.5504549,34.78445648,122.4586953,0.430369157,4.648356475,2.174912654,1.079618689,0.656449964,18.09710589,0.541115618,8.643640179,20.27883665,1.195781404,1.262305745,0.878006606,1.554974613,11.82157932,527.0140502,10.98046696,4.912924544,0.95899553,1.165896427,27.6985309,141.354603,8.149359227,4.690985578,18.4263504,1.680695423,1.057443909,33.22546747,32.04389577,24.5046616,2.951093688,2.925860317,0.717303168,0.388313539,17.34532986,5.931626308,18.80472352,7.126770505,48.29208376,6.204796662,2.295026048,5.839932316,0.61681573,2.406027391,59.8157054,8.06206196,0.534106348,0.906043684,1.447923949,0.609551578,10.27597164,0.398253958,1.954056939,2.098256732
1,1.76428702,10.74654465,35.57164712,1.636333332,1.920805294,3.119604835,1.351274426,0.821720935,10.77973956,2.827046096,39.45375681,9.649677631,2.644311012,29.82149184,37.12248234,152.4562981,1.267798014,3.604485403,4.768003118,1.2599721,1.568052235,1.167300239,1.040455222,14.90151786,18.40028821,1.598768946,2.314253103,0.868937281,1.555335125,16.32009515,295.8129498,25.57586846,10.48111574,1.318470805,1.192799675,27.9164688,194.0722244,4.046649525,3.339708657,15.47711381,0.923262165,1.617094627,22.85434176,10.72684943,21.21716062,4.199254842,4.131430257,1.4141426,0.244559802,2.30062297,5.221384383,48.38931982,11.26853309,112.1223216,5.70111289,1.657724163,16.3260298,2.075236657,0.244559802,158.6349873,6.130168607,0.961935222,1.73774413,2.439532938,0.754157214,3.503791981,0.696115021,2.757265033,2.422250712
1,3.173203589,31.67101902,23.5135528,2.415615508,3.599342806,3.204201465,1.951626253,0.425290854,8.027862473,3.404219336,35.34978165,10.04474741,0.893065113,22.05952402,42.04545331,153.8247719,0.588633344,2.019430027,3.519792469,1.132695007,0.955060864,14.10070524,0.889084333,6.541922201,17.481823,1.66827304,1.936029427,0.997609527,1.138241995,9.133540383,467.6836796,12.70123273,7.944853424,1.294014478,0.57545109,56.06843546,151.1385939,16.01076171,5.194982929,43.34964814,0.958193281,1.077094606,60.54844423,27.52604834,24.13383661,2.587833179,3.865598244,0.84953757,0.407866785,16.71986259,1.238675112,33.5341545,11.31983687,95.8650092,3.295367849,3.968837484,5.660081582,0.669554115,0.407866785,86.33091101,11.79753045,0.40962877,0.896132271,1.906206208,0.559854264,17.42028406,0.244720071,0.764374985,0.708448291
1,5.400414232,10.01103454,30.10780508,3.140776634,2.455135648,2.158215263,1.882099459,0.243803688,9.257193538,2.009007406,25.57871272,7.203391267,1.756491799,236.5144781,75.87196786,273.5468931,0.585974038,3.529692278,4.273326034,0.812874004,0.995434206,22.31011794,1.349242118,9.828604369,23.08456848,1.107388859,3.63891633,0.821780965,1.815914885,13.89004874,543.7751954,13.69175508,2.885075326,1.169282489,0.955385387,44.35458738,250.1540267,12.99467157,4.352188401,26.07106614,1.946788705,1.581993373,68.88117341,32.02338691,32.60227439,4.302647491,2.596151702,0.8932317,0.243803688,14.56892824,7.795281608,37.7969183,6.910761827,45.79660493,4.946029171,1.502415849,6.852508999,0.769574469,1.641481473,63.54973936,8.686627893,0.427664176,0.77139487,1.787568643,0.538253529,4.666532623,0.406339481,2.663116448,2.955940931
1,4.876195117,2.963146652,6.76652011,0.106917222,2.561793657,6.073382889,0.524920792,2.153483914,8.922513015,7.693934347,16.59366687,7.043792105,1.392660964,19.95437452,33.64228789,135.6544041,0.540687518,1.247966324,10.76493909,0.896992724,1.312458792,0.281662729,0.493929053,7.371243916,44.9430961,1.770321103,0.96370907,0.747251591,3.49704849,8.783235514,233.2546882,8.736705139,11.84654222,0.17819537,0.691341012,12.34908167,107.1369866,3.627972192,1.243689635,43.36417108,2.182822,2.127396112,29.53475632,5.362825289,37.05109404,1.068915617,3.286635398,1.490882252,0.17819537,3.581926509,3.799267837,62.80622678,5.760272241,57.02856267,1.965879829,2.138344436,11.41573709,3.163381224,0.290159084,119.8001768,7.21032637,0.311514017,0.673949144,1.475856818,0.423050063,2.218432563,5.860346761,2.614710554,2.282269272
1,1.810522322,12.02762725,25.07829682,1.414510014,3.037125317,3.43244331,2.45762436,0.884684175,16.29356475,2.202305618,38.82605914,12.75160895,2.979497131,16.34765824,22.01384072,82.61742084,0.647417636,2.979307772,9.183521642,1.567322542,1.181598727,13.12066919,0.501548263,8.009875984,20.94724589,1.210507499,0.677841278,0.857479632,2.075624601,8.411695295,244.4116768,12.07130601,4.361753035,1.243266566,0.818219246,24.84361819,75.52391507,3.682775604,1.403969043,40.60925068,1.150480769,1.229632735,18.10945224,7.694972349,7.940823152,0.898759843,2.174785477,0.916496448,0.236698463,3.383588747,2.5869564,13.25441961,3.525039748,44.18548042,3.321289712,1.571677794,6.732587959,1.462417783,0.236698463,91.41244141,7.343396232,0.657201172,1.244781436,1.630820849,0.626335693,6.100192785,0.394497438,1.885445276,1.813741422
1,1.26015315,16.41324081,36.8695657,1.717049369,4.738804711,3.413200997,3.981068092,0.790776336,14.67268149,2.19440796,49.60286907,9.042384936,1.773695793,20.0092003,31.18334834,83.93514906,0.848100001,1.691507685,6.830030073,1.697893106,1.975223548,1.539273445,2.901641704,8.187222272,24.4037244,7.078384249,1.837936997,1.155712818,5.031131218,13.99568174,405.3194324,15.82002553,24.21545123,0.578944833,2.511695657,17.25751924,164.6798612,4.890603582,1.903290813,27.9457948,0.5877006,1.745251645,19.14784571,2.844076167,50.9431786,2.40764232,2.494958114,1.184060217,0.302340007,9.32919676,4.450977025,15.76067014,6.280787123,93.54927104,4.296130567,4.539889174,4.809286214,2.532545024,0.432273649,86.80587952,5.34319448,0.938269885,1.346598205,1.139846014,1.167758044,14.53607218,0.181404004,1.820038469,1.640182446
1,1.789269724,4.596351764,38.38165128,0.801974729,5.988453051,5.905868748,1.807852897,2.340831936,18.6326485,6.144108435,91.2026666,16.32898291,4.752314026,75.29533418,47.04638811,164.760082,2.429383312,3.504274952,4.418805743,2.422291019,1.837381388,3.772759178,1.370517528,21.26402579,44.49824298,2.242426363,0.393963266,1.121775791,1.521433351,38.30650024,284.6474957,17.61408604,7.472549568,0.63223705,3.50485461,12.14487071,158.1238434,3.65188331,10.49949271,17.62704311,1.192255458,2.129529325,32.06974872,3.781590448,92.39741118,2.305711444,4.345973344,2.258247633,0.127865869,4.460097894,7.713619352,61.97416568,13.62323883,76.87851823,5.711683115,7.090043083,16.27527924,4.153697175,0.245672956,131.5917438,5.640385107,1.686533761,2.788191989,1.581274577,1.176843359,5.292555846,0.213109781,2.317850177,2.14136118
1,2.199982388,8.408182627,12.08588283,3.08808083,1.163684983,3.993595115,0.586881037,0.489560432,7.980782514,6.371788673,15.00161254,16.11069503,1.634843771,43.39776063,27.16898838,85.53374893,0.46973485,3.304081093,2.389092151,0.916960546,0.403795622,1.424101121,0.342292505,2.789656533,13.78222972,0.574448974,0.773252461,0.205375503,0.585676168,4.69400773,178.0207457,4.634421451,0.304777246,0.931638048,0.7349157,11.2693646,54.47839883,3.5930855,2.368006933,77.57903541,1.15278639,1.234827058,9.777845548,41.25205214,10.2611078,1.489766515,9.707853577,0.358010577,0.888427043,6.401581812,27.52322004,15.97372326,3.720034945,51.99242421,1.69152741,0.392951796,1.688624769,0.956995077,0.342292505,156.9575984,12.26820151,0.342292505,1.143968935,0.488629397,0.342292505,3.155443995,3.196026195,4.042008967,3.967033216
